"","Ingredient","Text","Recipe_Index","Rating","Quantity","Unit"
"1","walnut","0.666666666667 cup walnuts, chopped or 0.666666666667 cup pecans","Misc_24",7,0.666666667,"cup"
"2","walnut","2.90909090909 cups chopped toasted walnuts optional","Misc_5",2,2.909090909,"cup"
"3","walnut","4.0 cups chopped toasted walnuts optional","Misc_6",2,4,"cup"
"4","walnut","3.2 cups chopped walnuts optional","Misc_7",2,3.2,"cup"
"5","walnut","4.0 cups coarsely chopped walnuts, toasted","Misc_26",7,4,"cup"
"6","walnut","3.6 cups chopped walnuts","Misc_30",15,3.6,"cup"
"7","walnut","1.6 cup chopped walnuts","Misc_38",NA,1.6,"cup"
"8","walnut","0.571428571429 cup chopped walnuts optional","Misc_47",NA,0.571428571,"cup"
"9","walnut","3.0 	cups walnuts, finely chopped","Misc_50",NA,3,"cup"
"10","walnut","1.77777777778 cup chopped, toasted walnut pieces, optional","Misc_63",NA,1.777777778,"cup"
"11","walnut","4.0 cup 150 g candied walnuts","Misc_102",NA,4,"cup"
"12","walnut","1.33333333333 cups walnuts optional","Misc_103",NA,1.333333333,"cup"
"13","walnut","1.33333333333 cup walnut pieces","Misc_106",NA,1.333333333,"cup"
"14","milk","4.0 tablespoons milk","Misc_6",2,4,"tablespoon"
"15","chocolate chip","4.36363636364  ounce milk chocolate bar","Misc_8",15,4.363636364,"ounce"
"16","milk","2.66666666667 cups about 12.66666666667 ounces semisweet and/or milk chocolate chips","Misc_13",1,42.66666667,"tablespoon"
"17","milk","4.0 cups milk chocolate chips","Misc_20",10,64,"tablespoon"
"18","milk","4.0 tablespoons whole milk","Misc_21",NA,4,"tablespoon"
"19","milk","2.0 cup milk chocolate chips","Misc_32",NA,32,"tablespoon"
"20","milk","1.33333333333 cup milk chocolate chips","Misc_37",2,21.33333333,"tablespoon"
"21","milk","1.6 cups hershey's milk chocolate chips 11.5 oz. pkg.","Misc_39",NA,25.6,"tablespoon"
"22","milk","3.0 cups semi sweet chocolate chips or milk chocolate","Misc_44",NA,48,"tablespoon"
"23","milk","4.0 cups semi sweet or milk chocolate chips","Misc_46",NA,64,"tablespoon"
"24","milk","2.66666666667 tablespoons milk","Misc_54",NA,2.666666667,"tablespoon"
"25","chocolate chip","11.5 ounces semi sweet chocolate baking chips contains milk","Misc_61",NA,11.5,"ounce"
"26","milk","0.888888888889 cup milk chocolate chips","Misc_63",NA,14.22222222,"tablespoon"
"27","milk","2.66666666667 cups semisweet or milk chocolate chips or chocolate chunks","Misc_70",15,42.66666667,"tablespoon"
"28","milk","2.66666666667 cups milk chocolate chips","Misc_74",8,42.66666667,"tablespoon"
"29","milk","2.66666666667 cup milk chocolate chips","Misc_81",15,42.66666667,"tablespoon"
"30","milk","5.33333333333 tablespoons nonfat milk powder","Misc_92",NA,5.333333333,"tablespoon"
"31","milk","3.0 cup of milk chocolate chips, plus more chocolate chips for topping cookies","Misc_101",NA,48,"tablespoon"
"32","milk","4.0 cup 150 g milk chocolate covered raisins","Misc_102",NA,64,"tablespoon"
"33","milk","1.5 cup milk chocolate chips","Misc_108",NA,24,"tablespoon"
"34","chocolate chip","21.0 ounces assorted dark, milk, or white chocolate not commercial chips, roughly chopped","Misc_110",6,21,"ounce"
"35","chocolate chip","2.66666666667 5 ounce block high quality milk chocolate, chopped","Misc_112",NA,2.666666667,"ounce"
"36","butter","5.0 cups unsalted butter","Misc_1",15,5,"cup"
"37","butter","4.0 ounces butter 4.0 ounces/1 stick","Misc_2",15,0.5,"cup"
"38","butter","14.6666666667 tablespoons/150 grams unsalted butter, melted","Misc_3",2,0.916666667,"cup"
"39","butter","11.6363636364 ounces butter, softened","Misc_5",2,1.454545455,"cup"
"40","butter","28.0 tablespoons butter, melted","Misc_6",2,1.75,"cup"
"41","butter","12.8 ounces butter, softened","Misc_7",2,1.6,"cup"
"42","butter","0.872727272727 cup butter","Misc_8",15,0.872727273,"cup"
"43","butter","0.8 cup 1 stick unsalted butter","Misc_10",4,0.8,"cup"
"44","butter","0.8 cup 2 sticks butter, softened","Misc_11",5,0.8,"cup"
"45","butter","1.0 cup unsalted butter see notes below, room temperature","Misc_12",13,1,"cup"
"46","butter","1.33333333333 cup 2 sticks unsalted butter, room temperature","Misc_13",1,1.333333333,"cup"
"47","butter","1.06666666667 cup unsalted butter , melted and cooled at least 10 minutes 226g","Misc_15",15,1.066666667,"cup"
"48","butter","1.5 cups land o lakes® butter softened","Misc_17",7,1.5,"cup"
"49","butter","0.666666666667 cup unsalted butter, right from the fridge, or at room temperature","Misc_18",6,0.666666667,"cup"
"50","butter","1.5 cup unsalted butter melted and then cooled for at least 5 minutes* 226g","Misc_19",11,1.5,"cup"
"51","butter","4.0 sticks 1 cup unsalted butter, softened","Misc_20",10,4,"cup"
"52","butter","16.0 ounces unsalted butter","Misc_21",NA,2,"cup"
"53","butter","0.5 pound 2 sticks cold unsalted butter, cut into small pieces","Misc_22",NA,0.00390625,"cup"
"54","butter","0.666666666667 cup butter, softened","Misc_24",7,0.666666667,"cup"
"55","butter","2.0 cup butter, softened","Misc_26",7,2,"cup"
"56","butter","32.0 tablespoons 230 grams unsalted butter, at room temperature 2 sticks","Misc_27",NA,2,"cup"
"57","butter","32.0 tablespoons 230 grams unsalted butter, at room temperature 2 sticks","Misc_28",11,2,"cup"
"58","butter","16.0 tablespoons 1 1/2 sticks butter, melted and cooled for 5 minutes","Misc_29",NA,1,"cup"
"59","butter","2.4 cup unsalted butter, melted","Misc_30",15,2.4,"cup"
"60","butter","0.4 cup butter","Misc_31",2,0.4,"cup"
"61","butter","2.0 cup butter 1/2 cup melted,  1/2 cup softened","Misc_32",NA,2,"cup"
"62","butter","0.96 cup butter unsalted, melted","Misc_33",NA,0.96,"cup"
"63","butter","3.42857142857 cup 8 oz/240g butter","Misc_34",NA,3.428571429,"cup"
"64","butter","1.875 cups real unsalted butter","Misc_36",12,1.875,"cup"
"65","butter","2.13333333333 cups butter, softened","Misc_38",NA,2.133333333,"cup"
"66","butter","0.8 cup butter 2 sticks , softened","Misc_39",NA,0.8,"cup"
"67","butter","1.0 cup 2 sticks 226 grams unsalted butter, room temperature","Misc_40",NA,1,"cup"
"68","butter","1.6 cup butter, softened","Misc_42",NA,1.6,"cup"
"69","butter","1.26315789474 cup 230 grams unsalted butter, softened to room temperature","Misc_43",NA,1.263157895,"cup"
"70","butter","24.0 tablespoons butter 1 1/2 sticks melted and cooled until warm","Misc_44",NA,1.5,"cup"
"71","butter","1.33333333333 cup countryside creamery unsalted butter softened","Misc_45",NA,1.333333333,"cup"
"72","butter","0.666666666667 cup butter softened","Misc_46",NA,0.666666667,"cup"
"73","butter","0.571428571429 cup butter, softened","Misc_47",NA,0.571428571,"cup"
"74","butter","0.666666666667 cup unsalted butter, right from the fridge, or at room temperature","Misc_48",NA,0.666666667,"cup"
"75","butter","2.0 	cups 2 1/2 sticks butter, at room temperature","Misc_49",NA,2,"cup"
"76","butter","2.0 	cup 2 sticks unsalted butter, room temperature","Misc_50",NA,2,"cup"
"77","butter","8.53333333333 	ounces unsalted butter, at room temperature","Misc_51",NA,1.066666667,"cup"
"78","butter","1.92 	sticks 8 ounces; 1.92 1.92 6 grams unsalted butter, cut into chunks, at room temperature","Misc_52",NA,0.24,"cup"
"79","butter","42.0 	tablespoons unsalted butter 1 3/4 sticks","Misc_53",NA,2.625,"cup"
"80","butter","1.14285714286 cup unsalted butter, room temperature","Misc_55",NA,1.142857143,"cup"
"81","butter","2.0 cup butter softened","Misc_62",NA,2,"cup"
"82","butter","1.77777777778 cup 2 sticks unsalted butter, softened","Misc_63",NA,1.777777778,"cup"
"83","butter","1.0 cup softened butter","Misc_65",NA,1,"cup"
"84","butter","1.0 cup 113 g butter","Misc_68",NA,1,"cup"
"85","butter","1.33333333333 cup butter, softened to cool room temperature not overly warm or melty","Misc_70",15,1.333333333,"cup"
"86","butter","1.0 cup room temperature unsalted butter","Misc_73",NA,1,"cup"
"87","butter","1.77777777778 cup unsalted butter, melted and cooled slightly","Misc_75",NA,1.777777778,"cup"
"88","butter","2.0 cup unsalted butter, cold","Misc_76",NA,2,"cup"
"89","butter","10.2857142857 ounces butter","Misc_77",NA,1.285714286,"cup"
"90","butter","2.57142857143 cup unsalted butter, softened 1 1/2 sticks","Misc_79",NA,2.571428571,"cup"
"91","butter","2.0 cup 1 1/2 sticks unsalted butter, melted","Misc_81",15,2,"cup"
"92","butter","1.71428571429 cup butter melted","Misc_82",9,1.714285714,"cup"
"93","butter","0.75 cup butter softened","Misc_83",NA,0.75,"cup"
"94","butter","44.3076923077 tbsp unsalted butter","Misc_84",14,2.769230769,"cup"
"95","butter","0.666666666667 cup unsalted butter at room temperature","Misc_85",NA,0.666666667,"cup"
"96","butter","2.0 cup butter, softened to room temperature","Misc_86",15,2,"cup"
"97","butter","1.71428571429 cup, 1 stick, butter","Misc_89",NA,1.714285714,"cup"
"98","butter","4.8 ⁄2 cups unsalted butter, softened","Misc_90",NA,4.8,"cup"
"99","butter","1.0 cup 2 sticks unsalted butter, melted and cooled","Misc_91",NA,1,"cup"
"100","butter","1.33333333333 cup butter","Misc_93",15,1.333333333,"cup"
"101","butter","1.66666666667 cups 284g unsalted butter","Misc_94",NA,1.666666667,"cup"
"102","butter","1.2 cup 115 g unsalted butter, softened at room temperature","Misc_96",NA,1.2,"cup"
"103","butter","1.82856685714 cup unsalted butter","Misc_97",NA,1.828566857,"cup"
"104","butter","4.0 sticks 1 cup unsalted butter","Misc_98",NA,4,"cup"
"105","butter","2.66666666667 cup 2 sticks unsalted butter, softened *see notes","Misc_99",7,2.666666667,"cup"
"106","butter","2.66666666667  2.66666666667 /4 cups unsalted butter","Misc_100",NA,2.666666667,"cup"
"107","butter","39.0 tablespoons of butter, melted and cooled","Misc_101",NA,2.4375,"cup"
"108","butter","4.0 cup 240 g of unsalted butter","Misc_102",NA,4,"cup"
"109","butter","1.33333333333 cups butter, softened","Misc_103",NA,1.333333333,"cup"
"110","butter","0.8 cup 1 stick/4 oz./125 g unsalted butter, at room temperature","Misc_104",NA,0.8,"cup"
"111","butter","1.33333333333 cup 2 sticks unsalted butter, at room temperature","Misc_106",NA,1.333333333,"cup"
"112","butter","1.0 cup unsalted butter, at room temperature","Misc_108",NA,1,"cup"
"113","butter","2.0 cups butter","Misc_109",NA,2,"cup"
"114","butter","12.0 ounces unsalted butter, soft but cool, about 65°f 18°c","Misc_110",6,1.5,"cup"
"115","butter","1.06666666667 cup unsalted butter , melted and cooled at least 10 minutes 226g","Misc_111",NA,1.066666667,"cup"
"116","butter","2.4 sticks 12 tablespoons unsalted butter, at room temperature","Misc_114",3,0.15,"cup"
"117","brown sugar","5.0 cups light brown sugar","Misc_1",15,5,"cup"
"118","brown sugar","0.5 cup light brown sugar 0.5 cup packed","Misc_2",15,0.5,"cup"
"119","brown sugar","2.18181818182 cups packed light brown sugar","Misc_5",2,2.181818182,"cup"
"120","brown sugar","2.4 cups packed light brown sugar","Misc_7",2,2.4,"cup"
"121","brown sugar","0.872727272727 cup dark brown sugar, packed","Misc_8",15,0.872727273,"cup"
"122","brown sugar","0.75 cup packed brown sugar","Misc_9",5,0.75,"cup"
"123","brown sugar","1.2 cup packed dark brown sugar","Misc_10",4,1.2,"cup"
"124","brown sugar","0.6 cup packed brown sugar","Misc_11",5,0.6,"cup"
"125","brown sugar","1.0 cup firmly packed light brown sugar","Misc_12",13,1,"cup"
"126","brown sugar","1.33333333333 cup packed light brown sugar","Misc_13",1,1.333333333,"cup"
"127","brown sugar","2.30769230769 cups 247 grams lightly packed brown sugar","Misc_14",NA,2.307692308,"cup"
"128","brown sugar","1.33333333333 cup brown sugar tightly packed 250g","Misc_15",15,1.333333333,"cup"
"129","brown sugar","0.833333333333 cups packed brown sugar","Misc_16",7,0.833333333,"cup"
"130","brown sugar","1.25 cups firmly packed brown sugar","Misc_17",7,1.25,"cup"
"131","brown sugar","0.888888888889 cup light brown sugar, firmly packed","Misc_18",6,0.888888889,"cup"
"132","brown sugar","2.25 cups light brown sugar packed 300g","Misc_19",11,2.25,"cup"
"133","brown sugar","2.0 cup light brown sugar","Misc_20",10,2,"cup"
"134","brown sugar","16.0 ounces light brown sugar","Misc_21",NA,2,"cup"
"135","brown sugar","1.0 cup packed dark brown sugar, preferably molasses sugar","Misc_22",NA,1,"cup"
"136","brown sugar","0.666666666667 cup brown sugar","Misc_24",7,0.666666667,"cup"
"137","brown sugar","2.0 cup packed brown sugar","Misc_26",7,2,"cup"
"138","brown sugar","2.0 cup 200 grams packed brown sugar","Misc_27",NA,2,"cup"
"139","brown sugar","2.0 cup 200 grams packed brown sugar","Misc_28",11,2,"cup"
"140","brown sugar","1.33333333333 cup brown sugar","Misc_29",NA,1.333333333,"cup"
"141","brown sugar","1.8 cup brown sugar, packed","Misc_30",15,1.8,"cup"
"142","brown sugar","0.8 cup packed brown sugar","Misc_31",2,0.8,"cup"
"143","brown sugar","2.5 cup brown sugar","Misc_32",NA,2.5,"cup"
"144","brown sugar","0.72 cup brown sugar packed","Misc_33",NA,0.72,"cup"
"145","brown sugar","4.28571428571 cups 7 1/2oz/225g light brown sugar","Misc_34",NA,4.285714286,"cup"
"146","brown sugar","0.461538461538 cup plus 2 tablespoons packed brown sugar","Misc_35",1,0.461538462,"cup"
"147","brown sugar","1.875 cups dark brown sugar","Misc_36",12,1.875,"cup"
"148","brown sugar","0.666666666667 cup dark brown sugar","Misc_37",2,0.666666667,"cup"
"149","brown sugar","0.666666666667 cup light brown sugar","Misc_37",2,0.666666667,"cup"
"150","brown sugar","1.6 cup firmly packed light brown sugar","Misc_38",NA,1.6,"cup"
"151","brown sugar","0.6 cup light brown sugar packed","Misc_39",NA,0.6,"cup"
"152","brown sugar","0.75 cup 160 grams firmly packed light brown sugar","Misc_40",NA,0.75,"cup"
"153","brown sugar","0.9 cup packed brown sugar light or dark, but we prefer dark!","Misc_41",NA,0.9,"cup"
"154","brown sugar","1.6 cup brown sugar","Misc_42",NA,1.6,"cup"
"155","brown sugar","1.26315789474 cup 200 grams brown sugar","Misc_43",NA,1.263157895,"cup"
"156","brown sugar","2.0 cup brown sugar","Misc_44",NA,2,"cup"
"157","brown sugar","0.666666666667 cup packed baker’s corner brown sugar","Misc_45",NA,0.666666667,"cup"
"158","brown sugar","1.0 cup packed brown sugar i always use dark","Misc_46",NA,1,"cup"
"159","brown sugar","0.428571428571 cup firmly packed brown sugar","Misc_47",NA,0.428571429,"cup"
"160","brown sugar","0.888888888889 cup light brown sugar, firmly packed","Misc_48",NA,0.888888889,"cup"
"161","brown sugar","2.0 	cups packed brown sugar","Misc_49",NA,2,"cup"
"162","brown sugar","2.0 	cup light or dark brown sugar, tightly packed","Misc_50",NA,2,"cup"
"163","brown sugar","0.711111111111 	cup packed light brown sugar","Misc_51",NA,0.711111111,"cup"
"164","brown sugar","0.72 	cup 150 grams packed light brown sugar","Misc_52",NA,0.72,"cup"
"165","brown sugar","1.66666666667 cups firmly packed light brown sugar","Misc_54",NA,1.666666667,"cup"
"166","brown sugar","1.14285714286 cup firmly packed light muscavado sugar or dark brown sugar","Misc_55",NA,1.142857143,"cup"
"167","brown sugar","1.5 cup 150g packed dark brown sugar","Misc_56",NA,1.5,"cup"
"168","brown sugar","3.0 cups brown sugar","Misc_60",NA,3,"cup"
"169","brown sugar","0.75 cup brown sugar, packed","Misc_61",NA,0.75,"cup"
"170","brown sugar","2.0 cup brown sugar","Misc_62",NA,2,"cup"
"171","brown sugar","1.33333333333 cup light brown sugar","Misc_63",NA,1.333333333,"cup"
"172","brown sugar","0.9 cup dark brown sugar, firmly packed","Misc_64",NA,0.9,"cup"
"173","brown sugar","0.75 cup packed light brown sugar","Misc_65",NA,0.75,"cup"
"174","brown sugar","1.0 cup packed brown sugar","Misc_67",6,1,"cup"
"175","brown sugar","0.5 cup 54 g brown sugar packed","Misc_68",NA,0.5,"cup"
"176","brown sugar","1.0 cup packed light brown sugar","Misc_69",8,1,"cup"
"177","brown sugar","1.33333333333 cup brown sugar, light or dark","Misc_70",15,1.333333333,"cup"
"178","brown sugar","1.0 cup tightly packed light brown sugar","Misc_73",NA,1,"cup"
"179","brown sugar","1.33333333333 cup brown sugar","Misc_74",8,1.333333333,"cup"
"180","brown sugar","2.66666666667 cups firmly packed brown sugar","Misc_75",NA,2.666666667,"cup"
"181","brown sugar","2.0 cup brown sugar, packed","Misc_76",NA,2,"cup"
"182","brown sugar","2.66285714286 cups light brown sugar","Misc_77",NA,2.662857143,"cup"
"183","brown sugar","2.57142857143 cup light brown sugar, packed","Misc_79",NA,2.571428571,"cup"
"184","brown sugar","1.0 cup light brown sugar dark brown is fine too","Misc_80",NA,1,"cup"
"185","brown sugar","2.66666666667 cup light brown sugar","Misc_81",15,2.666666667,"cup"
"186","brown sugar","1.71428571429 cup packed brown sugar light or dark","Misc_82",9,1.714285714,"cup"
"187","brown sugar","0.75 cup brown sugar","Misc_83",NA,0.75,"cup"
"188","brown sugar","0.888888888889 cup light brown sugar, firmly packed","Misc_85",NA,0.888888889,"cup"
"189","brown sugar","2.0 cup brown sugar, packed","Misc_86",15,2,"cup"
"190","brown sugar","4.0 cup brown sugar","Misc_87",8,4,"cup"
"191","brown sugar","0.857142857143 cup packed brown sugar","Misc_89",NA,0.857142857,"cup"
"192","brown sugar","4.8 ⁄4 cups packed light brown sugar","Misc_90",NA,4.8,"cup"
"193","brown sugar","1.0 cup packed dark brown sugar","Misc_91",NA,1,"cup"
"194","brown sugar","1.33333333333 cup brown sugar, packed","Misc_93",15,1.333333333,"cup"
"195","brown sugar","1.66666666667 cups packed light brown sugar","Misc_94",NA,1.666666667,"cup"
"196","brown sugar","1.8 cup 150 g packed light brown sugar","Misc_96",NA,1.8,"cup"
"197","brown sugar","2.13332571429 cup light brown sugar","Misc_97",NA,2.133325714,"cup"
"198","brown sugar","2.5 cup packed dark brown sugar","Misc_98",NA,2.5,"cup"
"199","brown sugar","2.0 cup packed light brown sugar","Misc_99",7,2,"cup"
"200","brown sugar","3.33333333333 cups light brown sugar","Misc_100",NA,3.333333333,"cup"
"201","brown sugar","2.25 cup of firmly packed golden brown sugar","Misc_101",NA,2.25,"cup"
"202","brown sugar","1.33333333333 ⁄2 cups brown sugar, packed","Misc_103",NA,1.333333333,"cup"
"203","brown sugar","0.8 cup 3 0.8 oz./105 g firmly packed light brown sugar","Misc_104",NA,0.8,"cup"
"204","brown sugar","4.0 cup firmly packed dark brown sugar","Misc_105",NA,4,"cup"
"205","brown sugar","0.888888888889 cup firmly packed light brown sugar","Misc_106",NA,0.888888889,"cup"
"206","brown sugar","1.0 cup brown sugar, packed","Misc_108",NA,1,"cup"
"207","brown sugar","2.0 cups packed brown sugar","Misc_109",NA,2,"cup"
"208","brown sugar","12.0 ounces light brown sugar","Misc_110",6,1.5,"cup"
"209","brown sugar","1.33333333333 cup brown sugar tightly packed 250g","Misc_111",NA,1.333333333,"cup"
"210","brown sugar","0.888888888889 cup dark brown sugar","Misc_112",NA,0.888888889,"cup"
"211","brown sugar","0.888888888889 cup light brown sugar","Misc_112",NA,0.888888889,"cup"
"212","brown sugar","0.857142857143 cup light brown sugar – press brown sugar down when measuring","Misc_113",NA,0.857142857,"cup"
"213","brown sugar","1.2 cup packed light brown sugar","Misc_114",3,1.2,"cup"
"214","brown sugar","0.666666666667 cup dark brown muscavado sugar","Misc_23",7,0.666666667,"cup"
"215","salt","6.0 teaspoons coarse salt","Misc_1",15,6,"teaspoon"
"216","salt","0.25 teaspoon salt 0.25 teaspoon","Misc_2",15,0.25,"teaspoon"
"217","salt","1.33333333333 teaspoon/4 grams salt","Misc_3",2,1.333333333,"teaspoon"
"218","salt","1.45454545455 tablespoon kosher salt","Misc_5",2,1.454545455,"tablespoon"
"219","salt","2.0 tablespoon kosher salt","Misc_6",2,2,"tablespoon"
"220","salt","3.2 teaspoons kosher salt","Misc_7",2,3.2,"teaspoon"
"221","salt","0.5 teaspoon salt","Misc_9",5,0.5,"teaspoon"
"222","salt","1.6 teaspoon fine salt","Misc_10",4,1.6,"teaspoon"
"223","salt","0.8 teaspoon salt","Misc_11",5,0.8,"teaspoon"
"224","salt","1.0 teaspoon salt","Misc_12",13,1,"teaspoon"
"225","salt","1.33333333333 teaspoon salt","Misc_13",1,1.333333333,"teaspoon"
"226","salt","1.84615384615 teaspoon fine sea salt","Misc_14",NA,1.846153846,"teaspoon"
"227","salt","0.8 teaspoon salt","Misc_15",15,0.8,"teaspoon"
"228","salt","0.333333333333 teaspoon salt","Misc_16",7,0.333333333,"teaspoon"
"229","salt","1.0 teaspoon salt","Misc_17",7,1,"teaspoon"
"230","salt","1.0 teaspoon salt use 1/2 teaspoon salt if you use salted butter","Misc_18",6,1,"teaspoon"
"231","salt","1.5 teaspoon salt","Misc_19",11,1.5,"teaspoon"
"232","salt","1.5 teaspoon salt","Misc_20",10,1.5,"teaspoon"
"233","salt","2.0 teaspoon kosher salt","Misc_21",NA,2,"teaspoon"
"234","salt","1.0 teaspoon kosher salt","Misc_22",NA,1,"teaspoon"
"235","salt","1.5 teaspoon kosher salt","Misc_23",7,1.5,"teaspoon"
"236","salt","2.0 ⁄4 teaspoon salt","Misc_24",7,2,"teaspoon"
"237","salt","2.0 tsp. kosher salt","Misc_25",NA,2,"teaspoon"
"238","salt","2.0 teaspoon salt","Misc_26",7,2,"teaspoon"
"239","salt","2.0 teaspoon kosher salt","Misc_27",NA,2,"teaspoon"
"240","salt","2.0 teaspoon kosher salt","Misc_28",11,2,"teaspoon"
"241","salt","0.666666666667 teaspoon salt","Misc_29",NA,0.666666667,"teaspoon"
"242","salt","2.4 teaspoon salt","Misc_30",15,2.4,"teaspoon"
"243","salt","0.24 tsp salt","Misc_33",NA,0.24,"teaspoon"
"244","salt","5.14285714286 teaspoon salt","Misc_34",NA,5.142857143,"teaspoon"
"245","salt","0.923076923077 teaspoon salt","Misc_35",1,0.923076923,"teaspoon"
"246","butter","0.923076923077 cup 1 stick salted butter, softened","Misc_35",1,0.923076923,"cup"
"247","salt","1.125 tsp salt","Misc_36",12,1.125,"teaspoon"
"248","salt","1.33333333333 teaspoon salt","Misc_37",2,1.333333333,"teaspoon"
"249","salt","1.2 teaspoon salt","Misc_38",NA,1.2,"teaspoon"
"250","salt","0.4 teaspoon salt","Misc_39",NA,0.4,"teaspoon"
"251","salt","0.5 teaspoon salt","Misc_40",NA,0.5,"teaspoon"
"252","butter","0.6 cup 1 stick salted butter, very soft","Misc_41",NA,0.6,"cup"
"253","salt","1.2 teaspoon table salt","Misc_41",NA,1.2,"teaspoon"
"254","salt","1.6 teaspoon salt","Misc_42",NA,1.6,"teaspoon"
"255","salt","1.26315789474 teaspoon salt","Misc_43",NA,1.263157895,"teaspoon"
"256","salt","1.0 teaspoon salt","Misc_44",NA,1,"teaspoon"
"257","salt","1.33333333333 teaspoon stonemill essentials iodized salt","Misc_45",NA,1.333333333,"teaspoon"
"258","salt","1.5 teaspoon salt","Misc_46",NA,1.5,"teaspoon"
"259","salt","0.571428571429 teaspoon salt","Misc_47",NA,0.571428571,"teaspoon"
"260","salt","1.0 teaspoon salt use 1/2 teaspoon salt if you use salted butter","Misc_48",NA,1,"teaspoon"
"261","salt","2.4 	teaspoons coarse salt","Misc_49",NA,2.4,"teaspoon"
"262","salt","2.0 	teaspoon kosher salt","Misc_50",NA,2,"teaspoon"
"263","salt","1.06666666667 	teaspoon salt 1.06666666667  1.06666666667 /4 teaspoons if you really like salt","Misc_51",NA,1.066666667,"teaspoon"
"264","salt","1.2 	teaspoons fine sea salt","Misc_52",NA,1.2,"teaspoon"
"265","salt","3.0 	teaspoon table salt","Misc_53",NA,3,"teaspoon"
"266","salt","1.33333333333 teaspoon salt","Misc_54",NA,1.333333333,"teaspoon"
"267","salt","1.14285714286 teaspoon kosher salt","Misc_55",NA,1.142857143,"teaspoon"
"268","salt","1.14285714286 teaspoon flaky sea salt such as maldon or cypriot","Misc_55",NA,1.142857143,"teaspoon"
"269","salt","1.0 teaspoon salt","Misc_56",NA,1,"teaspoon"
"270","salt","2.0 tsp salt","Misc_60",NA,2,"teaspoon"
"271","salt","0.5 teaspoon salt","Misc_61",NA,0.5,"teaspoon"
"272","salt","0.888888888889 teaspoon salt","Misc_63",NA,0.888888889,"teaspoon"
"273","salt","1.2 teaspoon salt","Misc_64",NA,1.2,"teaspoon"
"274","butter","1.2 cup 2 sticks lightly salted butter, at room temperature","Misc_64",NA,1.2,"cup"
"275","salt","0.5 teaspoon salt","Misc_65",NA,0.5,"teaspoon"
"276","salt","1.0 teaspoon kosher salt","Misc_68",NA,1,"teaspoon"
"277","salt","32.0 tablespoons of salted butter","Misc_69",8,32,"tablespoon"
"278","salt","1.0 teaspoon salt but i always add a little extra","Misc_69",8,1,"teaspoon"
"279","salt","1.0 teaspoon salt","Misc_70",15,1,"teaspoon"
"280","salt","1.5 tsp kosher salt","Misc_73",NA,1.5,"teaspoon"
"281","salt","1.33333333333 tsp. salt","Misc_74",8,1.333333333,"teaspoon"
"282","salt","0.888888888889 teaspoon salt","Misc_75",NA,0.888888889,"teaspoon"
"283","salt","2.0 teaspoon salt","Misc_76",NA,2,"teaspoon"
"284","salt","1.14285714286 teaspoon salt","Misc_77",NA,1.142857143,"teaspoon"
"285","salt","2.0 cup salted butter","Misc_80",NA,2,"cup"
"286","salt","1.0 teaspoon salt","Misc_80",NA,1,"teaspoon"
"287","salt","1.33333333333 teaspoon salt","Misc_81",15,1.333333333,"teaspoon"
"288","salt","0.857142857143   1/2 teaspoon salt","Misc_82",9,0.857142857,"teaspoon"
"289","salt","0.5 tsp salt","Misc_83",NA,0.5,"teaspoon"
"290","salt","3.69230769231 tsp salt","Misc_84",14,3.692307692,"teaspoon"
"291","salt","0.666666666667 teaspoon salt","Misc_85",NA,0.666666667,"teaspoon"
"292","salt","1.0 teaspoon salt","Misc_86",15,1,"teaspoon"
"293","salt","0.857142857143 tsp salt","Misc_89",NA,0.857142857,"teaspoon"
"294","salt","2.4 tsp. kosher salt","Misc_90",NA,2.4,"teaspoon"
"295","salt","1.0 tsp salt","Misc_91",NA,1,"teaspoon"
"296","salt","3.33333333333 teaspoons kosher salt","Misc_92",NA,3.333333333,"teaspoon"
"297","salt","1.33333333333 teaspoon kosher salt","Misc_93",15,1.333333333,"teaspoon"
"298","salt","2.0 teaspoons coarse salt","Misc_94",NA,2,"teaspoon"
"299","salt","1.66666666667 tsp. salt","Misc_95",15,1.666666667,"teaspoon"
"300","salt","1.2 tsp salt","Misc_96",NA,1.2,"teaspoon"
"301","salt","2.05714285714 tsp table salt","Misc_97",NA,2.057142857,"teaspoon"
"302","salt","2.66666666667 teaspoon salt  i prefer coarse sea salt","Misc_99",7,2.666666667,"teaspoon"
"303","salt","4.0 teaspoons coarse salt","Misc_100",NA,4,"teaspoon"
"304","salt","3.0 teaspoon of kosher salt","Misc_101",NA,3,"teaspoon"
"305","salt","4.0 tsp 5 ml salt","Misc_102",NA,4,"teaspoon"
"306","salt","0.8 tsp. salt","Misc_104",NA,0.8,"teaspoon"
"307","salt","2.0 tsp. salt","Misc_105",NA,2,"teaspoon"
"308","salt","1.33333333333 tsp. kosher salt","Misc_106",NA,1.333333333,"teaspoon"
"309","salt","1.0 teaspoon salt","Misc_108",NA,1,"teaspoon"
"310","salt","1.0 teaspoon salt","Misc_109",NA,1,"teaspoon"
"311","salt","3.0 teaspoons diamond crystal kosher salt, plus more for sprinkling; for table salt, use about half as much by volume or the same weight","Misc_110",6,3,"teaspoon"
"312","salt","0.8 teaspoon salt","Misc_111",NA,0.8,"teaspoon"
"313","salt","2.0 teaspoon salt","Misc_112",NA,2,"teaspoon"
"314","butter","1.14285714286 cup salted butter/softened at room temperature","Misc_113",NA,1.142857143,"cup"
"315","salt","1.14285714286 teaspoon salt","Misc_113",NA,1.142857143,"teaspoon"
"316","all purpose flour","1.5 cups all purpose flour 1.5 cups","Misc_2",15,1.5,"cup"
"317","all purpose flour","0.0 cup/50.0 grams all purpose flour","Misc_3",2,0,"cup"
"318","all purpose flour","9.6 cups/256 grams all purpose flour","Misc_4",2,9.6,"cup"
"319","all purpose flour","2.90909090909 cups all purpose flour","Misc_5",2,2.909090909,"cup"
"320","all purpose flour","3.5 cups all purpose flour","Misc_6",2,3.5,"cup"
"321","all purpose flour","4.0 cups all purpose flour","Misc_7",2,4,"cup"
"322","all purpose flour","2.25 cups gold medal™ all purpose flour","Misc_9",5,2.25,"cup"
"323","all purpose flour","3.6 cups all purpose flour","Misc_10",4,3.6,"cup"
"324","all purpose flour","1.8 cups all purpose flour","Misc_11",5,1.8,"cup"
"325","all purpose flour","3.0 cups all purpose flour see notes below","Misc_12",13,3,"cup"
"326","all purpose flour","3.0 cups all purpose flour","Misc_13",1,3,"cup"
"327","all purpose flour","5.53846153846 cups 380 grams all purpose flour","Misc_14",NA,5.538461538,"cup"
"328","all purpose flour","2.93333333333 cups all purpose flour 350g","Misc_15",15,2.933333333,"cup"
"329","all purpose flour","2.83333333333 cups all purpose flour","Misc_16",7,2.833333333,"cup"
"330","all purpose flour","4.25 cups all purpose flour","Misc_17",7,4.25,"cup"
"331","all purpose flour","2.66666666667 cups king arthur unbleached all purpose flour","Misc_18",6,2.666666667,"cup"
"332","all purpose flour","4.875 cups all purpose flour 415g","Misc_19",11,4.875,"cup"
"333","all purpose flour","5.0 cups all purpose flour","Misc_20",10,5,"cup"
"334","all purpose flour","2.33333333333 cups plus 1 tablespoon all purpose flour","Misc_22",NA,2.333333333,"cup"
"335","all purpose flour","4.0 cups plus 3 tablespoons all purpose flour","Misc_23",7,4,"cup"
"336","all purpose flour","2.0 cups all purpose flour","Misc_24",7,2,"cup"
"337","all purpose flour","5.33333333333 cups all purpose flour","Misc_26",7,5.333333333,"cup"
"338","all purpose flour","5.0 cups 325 grams all purpose flour","Misc_27",NA,5,"cup"
"339","all purpose flour","5.0 cups all purpose flour","Misc_28",11,5,"cup"
"340","all purpose flour","5.4 cups all purpose flour","Misc_30",15,5.4,"cup"
"341","all purpose flour","2.0 cups all purpose flour","Misc_31",2,2,"cup"
"342","all purpose flour","2.64 cup all purpose flour","Misc_33",NA,2.64,"cup"
"343","all purpose flour","8.57142857143 cups 12 1/2oz/375g all purpose flour/plain flour","Misc_34",NA,8.571428571,"cup"
"344","all purpose flour","2.46153846154 cups all purpose flour","Misc_35",1,2.461538462,"cup"
"345","all purpose flour","4.0 cups all purpose flour","Misc_37",2,4,"cup"
"346","all purpose flour","1.6  1/4 cups all purpose flour","Misc_39",NA,1.6,"cup"
"347","all purpose flour","2.25 cups 295 grams all purpose flour","Misc_40",NA,2.25,"cup"
"348","all purpose flour","2.7 cups all purpose flour","Misc_41",NA,2.7,"cup"
"349","all purpose flour","2.52631578947 and  3/4 cups 345 grams all purpose flour spooned & leveled","Misc_43",NA,2.526315789,"cup"
"350","all purpose flour","4.0 cups plus 4.0 tbsp all purpose flour","Misc_44",NA,4,"cup"
"351","all purpose flour","2.66666666667 cups baker’s corner all purpose flour","Misc_45",NA,2.666666667,"cup"
"352","all purpose flour","3.5 cup all purpose flour","Misc_46",NA,3.5,"cup"
"353","all purpose flour","1.42857142857 cups unsifted all purpose flour","Misc_47",NA,1.428571429,"cup"
"354","all purpose flour","2.66666666667 cups king arthur unbleached all purpose flour","Misc_48",NA,2.666666667,"cup"
"355","all purpose flour","4.25 	cups all purpose flour","Misc_50",NA,4.25,"cup"
"356","all purpose flour","2.13333333333 	cups all purpose flour","Misc_51",NA,2.133333333,"cup"
"357","all purpose flour","1.68 	cups 238 grams all purpose flour","Misc_52",NA,1.68,"cup"
"358","all purpose flour","5.25 	cups unbleached all purpose flour","Misc_53",NA,5.25,"cup"
"359","all purpose flour","2.66666666667 cups pillsbury best™ all purpose flour","Misc_54",NA,2.666666667,"cup"
"360","all purpose flour","2.85714285714 cups unbleached all purpose flour","Misc_55",NA,2.857142857,"cup"
"361","all purpose flour","4.0 cups 250g all purpose flour spoon & leveled","Misc_56",NA,4,"cup"
"362","all purpose flour","4.0 cups all purpose flour","Misc_60",NA,4,"cup"
"363","all purpose flour","3.0 cup all purpose flour","Misc_62",NA,3,"cup"
"364","all purpose flour","2.4 cups unbleached, all purpose flour","Misc_64",NA,2.4,"cup"
"365","all purpose flour","2.25 cups all purpose flour","Misc_65",NA,2.25,"cup"
"366","all purpose flour","3.5 cups 210 g all purpose flour*","Misc_68",NA,3.5,"cup"
"367","all purpose flour","6.0 cups all purpose flour more as needed – see video","Misc_69",8,6,"cup"
"368","all purpose flour","3.33333333333 cups all purpose flour see note","Misc_70",15,3.333333333,"cup"
"369","all purpose flour","9.6 cups 284 g all purpose flour","Misc_72",NA,9.6,"cup"
"370","all purpose flour","3.0 ¹⁄₃ cups unbleached, all purpose flour","Misc_73",NA,3,"cup"
"371","all purpose flour","5.92592592593 cups all purpose flour","Misc_75",NA,5.925925926,"cup"
"372","all purpose flour","7.0 cups all purpose flour","Misc_76",NA,7,"cup"
"373","all purpose flour","4.57142857143 cups all purpose flour","Misc_77",NA,4.571428571,"cup"
"374","all purpose flour","4.0 cup | 200g all purpose flour","Misc_78",NA,4,"cup"
"375","all purpose flour","6.85714285714 cups all purpose flour","Misc_79",NA,6.857142857,"cup"
"376","all purpose flour","6.0 cups all purpose flour use the spoon and level method","Misc_80",NA,6,"cup"
"377","all purpose flour","5.33333333333 cups all purpose flour","Misc_81",15,5.333333333,"cup"
"378","all purpose flour","5.14285714286  1 2/3 cup all purpose flour use more if needed see post for details","Misc_82",9,5.142857143,"cup"
"379","all purpose flour","6.46153846154 cups all purpose flour","Misc_84",14,6.461538462,"cup"
"380","all purpose flour","2.66666666667 cups king arthur unbleached all purpose flour","Misc_85",NA,2.666666667,"cup"
"381","all purpose flour","6.0 cup all purpose flour","Misc_86",15,6,"cup"
"382","all purpose flour","8.0 cups all purpose flour","Misc_87",8,8,"cup"
"383","all purpose flour","5.14285714286 cups all purpose flour","Misc_89",NA,5.142857143,"cup"
"384","all purpose flour","2.0  1/4 cups all purpose flour, spooned and leveled","Misc_91",NA,2,"cup"
"385","all purpose flour","4.66666666667 cups all purpose flour","Misc_92",NA,4.666666667,"cup"
"386","all purpose flour","4.2 cup 220 g all purpose flour","Misc_96",NA,4.2,"cup"
"387","all purpose flour","5.14285714286 cup unbleached all purpose flour","Misc_97",NA,5.142857143,"cup"
"388","all purpose flour","4.5 cup all purpose flour","Misc_98",NA,4.5,"cup"
"389","all purpose flour","7.33333333333 cups all purpose flour* plus a tablespoon or two if needed","Misc_99",7,7.333333333,"cup"
"390","all purpose flour","6.0 cups of all purpose flour","Misc_101",NA,6,"cup"
"391","all purpose flour","3.33333333333 ⁄2 cups all purpose flour","Misc_103",NA,3.333333333,"cup"
"392","all purpose flour","2.0 cups 6 1/2 oz./200 g unbleached all purpose flour","Misc_104",NA,2,"cup"
"393","all purpose flour","8.0 cup plus 2 tbs. all purpose flour","Misc_105",NA,8,"cup"
"394","all purpose flour","3.0 cups all purpose flour","Misc_106",NA,3,"cup"
"395","all purpose flour","2.0 cups 6 1/2 oz./200 g unbleached all purpose flour","Misc_107",NA,2,"cup"
"396","all purpose flour","2.5 cups all purpose flour","Misc_108",NA,2.5,"cup"
"397","all purpose flour","18.75 ounces all purpose flour, such as gold medal","Misc_110",6,2.34375,"cup"
"398","all purpose flour","2.93333333333 cups all purpose flour 350g","Misc_111",NA,2.933333333,"cup"
"399","all purpose flour","5.33333333333 cups plus 3 tablespoons all purpose flour","Misc_112",NA,5.333333333,"cup"
"400","all purpose flour","2.85714285714 cups all purpose flour do not sift","Misc_113",NA,2.857142857,"cup"
"401","all purpose flour","3.6 cups all purpose flour","Misc_114",3,3.6,"cup"
"402","all purpose flour","1.74545454545 cups flour","Misc_8",15,1.745454545,"cup"
"403","all purpose flour","2.66666666667 cups plus 2.66666666667 tablespoons flour","Misc_29",NA,2.666666667,"cup"
"404","all purpose flour","6.0 cups flour","Misc_32",NA,6,"cup"
"405","all purpose flour","5.25 cups flour","Misc_36",12,5.25,"cup"
"406","all purpose flour","5.2 cups flour","Misc_38",NA,5.2,"cup"
"407","all purpose flour","4.8 cups flour","Misc_42",NA,4.8,"cup"
"408","all purpose flour","2.25 cups unsifted flour","Misc_61",NA,2.25,"cup"
"409","all purpose flour","4.0 cups flour","Misc_63",NA,4,"cup"
"410","all purpose flour","2.0 cup flour","Misc_67",6,2,"cup"
"411","all purpose flour","4.0 cups flour","Misc_74",8,4,"cup"
"412","all purpose flour","12.0 ⁄4 cups flour","Misc_90",NA,12,"cup"
"413","all purpose flour","4.0 cups flour","Misc_93",15,4,"cup"
"414","all purpose flour","7.0 cup 210 g flour","Misc_102",NA,7,"cup"
"415","all purpose flour","4.0 cups flour","Misc_109",NA,4,"cup"
"416","vanilla","1.0 teaspoon vanilla 1.0 teaspoon","Misc_2",15,1,"teaspoon"
"417","vanilla","1.0 teaspoon vanilla","Misc_9",5,1,"teaspoon"
"418","vanilla","3.69230769231 teaspoons vanilla","Misc_14",NA,3.692307692,"teaspoon"
"419","vanilla","1.33333333333 teaspoons vanilla","Misc_16",7,1.333333333,"teaspoon"
"420","vanilla","1.0 tablespoon vanilla","Misc_17",7,3,"teaspoon"
"421","vanilla","0.666666666667 tablespoon vanilla","Misc_24",7,2,"teaspoon"
"422","vanilla","2.66666666667 teaspoons vanilla","Misc_29",NA,2.666666667,"teaspoon"
"423","vanilla","0.8 teaspoon vanilla","Misc_31",2,0.8,"teaspoon"
"424","vanilla","3.2 teaspoons vanilla","Misc_42",NA,3.2,"teaspoon"
"425","vanilla","2.0 teaspoon vanilla","Misc_46",NA,2,"teaspoon"
"426","vanilla","0.571428571429 teaspoon vanilla","Misc_47",NA,0.571428571,"teaspoon"
"427","vanilla","2.0 teaspoons vanilla","Misc_61",NA,2,"teaspoon"
"428","vanilla","2.0 teaspoon vanilla","Misc_62",NA,2,"teaspoon"
"429","vanilla","2.0 tsp. vanilla","Misc_67",6,2,"teaspoon"
"430","vanilla","4.0 teaspoon vanilla","Misc_69",8,4,"teaspoon"
"431","vanilla","1.33333333333 tsp. vanilla","Misc_74",8,1.333333333,"teaspoon"
"432","vanilla","2.0 teaspoon vanilla","Misc_76",NA,2,"teaspoon"
"433","vanilla","4.0 generous teaspoon vanilla","Misc_80",NA,4,"teaspoon"
"434","vanilla","1.71428571429 tablespoon vanilla","Misc_82",9,5.142857143,"teaspoon"
"435","vanilla","2.0 tsp vanilla","Misc_83",NA,2,"teaspoon"
"436","vanilla","1.33333333333 tablespoon vanilla","Misc_93",15,4,"teaspoon"
"437","vanilla","4.0 tbsp 7.5ml vanilla","Misc_102",NA,12,"teaspoon"
"438","vanilla","2.0 tablespoons vanilla","Misc_109",NA,6,"teaspoon"
"439","vanilla","8.0 teaspoons natural vanilla extract","Misc_1",15,8,"teaspoon"
"440","vanilla","7.2 teaspoons pure vanilla extract","Misc_4",2,7.2,"teaspoon"
"441","vanilla","1.45454545455 tablespoon vanilla extract","Misc_5",2,4.363636364,"teaspoon"
"442","vanilla","2.0 tablespoon vanilla extract","Misc_6",2,6,"teaspoon"
"443","vanilla","1.6 tablespoon vanilla extract","Misc_7",2,4.8,"teaspoon"
"444","vanilla","1.6 teaspoon pure vanilla extract","Misc_10",4,1.6,"teaspoon"
"445","vanilla","0.8 teaspoon vanilla extract","Misc_11",5,0.8,"teaspoon"
"446","vanilla","2.0 teaspoon vanilla extract","Misc_12",13,2,"teaspoon"
"447","vanilla","2.66666666667 teaspoons pure vanilla extract","Misc_13",1,2.666666667,"teaspoon"
"448","vanilla","1.6 teaspoon vanilla extract","Misc_15",15,1.6,"teaspoon"
"449","vanilla","2.66666666667 teaspoons vanilla extract","Misc_18",6,2.666666667,"teaspoon"
"450","vanilla","1.5 teaspoon vanilla extract","Misc_19",11,1.5,"teaspoon"
"451","vanilla","4.0 teaspoons vanilla extract","Misc_20",10,4,"teaspoon"
"452","vanilla","3.0 teaspoons vanilla extract","Misc_21",NA,3,"teaspoon"
"453","vanilla","3.0 teaspoons pure vanilla extract","Misc_23",7,3,"teaspoon"
"454","vanilla","2.0 tsp. pure vanilla extract","Misc_25",NA,2,"teaspoon"
"455","vanilla","3.0 teaspoons vanilla extract","Misc_26",7,3,"teaspoon"
"456","vanilla","3.0 teaspoons vanilla extract","Misc_27",NA,3,"teaspoon"
"457","vanilla","3.0 teaspoons vanilla extract","Misc_28",11,3,"teaspoon"
"458","vanilla","2.4 tablespoon vanilla extract","Misc_30",15,7.2,"teaspoon"
"459","vanilla","2.0 tablespoon vanilla extract","Misc_32",NA,6,"teaspoon"
"460","vanilla","0.96 tsp vanilla extract","Misc_33",NA,0.96,"teaspoon"
"461","vanilla","6.85714285714 teaspoon vanilla extract, optional","Misc_34",NA,6.857142857,"teaspoon"
"462","vanilla","0.923076923077 teaspoon vanilla extract","Misc_35",1,0.923076923,"teaspoon"
"463","vanilla","3.0 tsp vanilla extract","Misc_36",12,3,"teaspoon"
"464","vanilla","1.33333333333 tablespoon pure vanilla extract","Misc_37",2,4,"teaspoon"
"465","vanilla","6.4 teaspoons mccormick® pure vanilla extract","Misc_38",NA,6.4,"teaspoon"
"466","vanilla","0.8 teaspoon vanilla extract","Misc_39",NA,0.8,"teaspoon"
"467","vanilla","1.5 teaspoons pure vanilla extract","Misc_40",NA,1.5,"teaspoon"
"468","vanilla","1.2 teaspoon vanilla extract","Misc_41",NA,1.2,"teaspoon"
"469","vanilla","2.52631578947 teaspoons pure vanilla extract","Misc_43",NA,2.526315789,"teaspoon"
"470","vanilla","4.0 teaspoons vanilla extract","Misc_44",NA,4,"teaspoon"
"471","vanilla","1.33333333333 teaspoon stonemill essentials pure vanilla extract","Misc_45",NA,1.333333333,"teaspoon"
"472","vanilla","2.66666666667 teaspoons vanilla extract","Misc_48",NA,2.666666667,"teaspoon"
"473","vanilla","3.2 	teaspoons vanilla extract","Misc_49",NA,3.2,"teaspoon"
"474","vanilla","4.0 	teaspoons vanilla extract","Misc_50",NA,4,"teaspoon"
"475","vanilla","2.13333333333 	teaspoons pure vanilla extract","Misc_51",NA,2.133333333,"teaspoon"
"476","vanilla","1.92 	teaspoons pure vanilla extract","Misc_52",NA,1.92,"teaspoon"
"477","vanilla","6.0 	teaspoons vanilla extract","Misc_53",NA,6,"teaspoon"
"478","vanilla","1.33333333333 tablespoon vanilla extract","Misc_54",NA,4,"teaspoon"
"479","vanilla","2.28571428571 teaspoons pure vanilla extract","Misc_55",NA,2.285714286,"teaspoon"
"480","vanilla","4.0 teaspoons pure vanilla extract","Misc_56",NA,4,"teaspoon"
"481","vanilla","2.0 tsp vanilla extract","Misc_60",NA,2,"teaspoon"
"482","vanilla","1.77777777778 teaspoon vanilla extract","Misc_63",NA,1.777777778,"teaspoon"
"483","vanilla","1.2 teaspoon pure vanilla extract","Misc_64",NA,1.2,"teaspoon"
"484","vanilla","1.0 teaspoon pure vanilla extract","Misc_65",NA,1,"teaspoon"
"485","vanilla","4.0 teaspoons vanilla extract","Misc_68",NA,4,"teaspoon"
"486","vanilla","2.66666666667 teaspoons vanilla extract","Misc_70",15,2.666666667,"teaspoon"
"487","vanilla","7.2 teaspoons pure vanilla extract","Misc_72",NA,7.2,"teaspoon"
"488","vanilla","2.0 tsp vanilla extract","Misc_73",NA,2,"teaspoon"
"489","vanilla","3.55555555556 teaspoons vanilla extract","Misc_75",NA,3.555555556,"teaspoon"
"490","vanilla","1.14285714286 tablespoon vanilla extract","Misc_77",NA,3.428571429,"teaspoon"
"491","vanilla","2.4 teaspoon vanilla extract","Misc_78",NA,2.4,"teaspoon"
"492","vanilla","3.42857142857 teaspoon vanilla extract","Misc_79",NA,3.428571429,"teaspoon"
"493","vanilla","2.66666666667 tablespoon vanilla extract","Misc_81",15,8,"teaspoon"
"494","vanilla","7.38461538462 tsp vanilla extract","Misc_84",14,7.384615385,"teaspoon"
"495","vanilla","2.66666666667 teaspoons vanilla extract","Misc_85",NA,2.666666667,"teaspoon"
"496","vanilla","8.0 teaspoons vanilla extract, store bought or homemade","Misc_86",15,8,"teaspoon"
"497","vanilla","4.0 tbsp vanilla extract","Misc_87",8,12,"teaspoon"
"498","vanilla","3.42857142857 tsp vanilla extract","Misc_89",NA,3.428571429,"teaspoon"
"499","vanilla","4.8 tsp. vanilla extract","Misc_90",NA,4.8,"teaspoon"
"500","vanilla","1.0 tbsp vanilla extract","Misc_91",NA,3,"teaspoon"
"501","vanilla","5.33333333333 teaspoons vanilla extract","Misc_92",NA,5.333333333,"teaspoon"
"502","vanilla","2.66666666667 teaspoons mccormick vanilla extract","Misc_94",NA,2.666666667,"teaspoon"
"503","vanilla","2.66666666667 tsp. vanilla extract","Misc_95",15,2.666666667,"teaspoon"
"504","vanilla","2.4 tsp vanilla extract","Misc_96",NA,2.4,"teaspoon"
"505","vanilla","4.0 teaspoons vanilla extract","Misc_98",NA,4,"teaspoon"
"506","vanilla","2.66666666667 tablespoon vanilla extract","Misc_99",7,8,"teaspoon"
"507","vanilla","5.33333333333 teaspoons natural vanilla extract","Misc_100",NA,5.333333333,"teaspoon"
"508","vanilla","6.0 teaspoon of pure vanilla extract","Misc_101",NA,6,"teaspoon"
"509","vanilla","1.33333333333 teaspoons vanilla extract","Misc_103",NA,1.333333333,"teaspoon"
"510","vanilla","1.6 tsp. vanilla extract","Misc_104",NA,1.6,"teaspoon"
"511","vanilla","8.0 tsp. vanilla extract","Misc_105",NA,8,"teaspoon"
"512","vanilla","2.66666666667 tsp. pure vanilla extract","Misc_106",NA,2.666666667,"teaspoon"
"513","vanilla","1.6 tsp. vanilla extract","Misc_107",NA,1.6,"teaspoon"
"514","vanilla","2.0 teaspoon vanilla extract","Misc_108",NA,2,"teaspoon"
"515","vanilla","0.75 ounce vanilla extract","Misc_110",6,4.5,"teaspoon"
"516","vanilla","1.6 teaspoon vanilla extract","Misc_111",NA,1.6,"teaspoon"
"517","vanilla","4.0 teaspoons vanilla extract","Misc_112",NA,4,"teaspoon"
"518","vanilla","1.14285714286 teaspoon pure vanilla extract","Misc_113",NA,1.142857143,"teaspoon"
"519","vanilla","1.6 teaspoon pure vanilla extract","Misc_114",3,1.6,"teaspoon"
"520","egg","8.0 large eggs","Misc_1",15,8,"egg"
"521","egg","1.0 egg","Misc_2",15,1,"egg"
"522","egg","1.33333333333 egg plus 1 yolk","Misc_3",2,1.333333333,"egg"
"523","egg","4.8 egg","Misc_4",2,4.8,"egg"
"524","egg","2.90909090909 eggs","Misc_5",2,2.909090909,"egg"
"525","egg","4.8 eggs","Misc_7",2,4.8,"egg"
"526","egg","1.74545454545 eggs","Misc_8",15,1.745454545,"egg"
"527","egg","1.0 egg","Misc_9",5,1,"egg"
"528","egg","3.2 large eggs","Misc_10",4,3.2,"egg"
"529","egg","1.6 large eggs","Misc_11",5,1.6,"egg"
"530","egg","2.0 large egg","Misc_12",13,2,"egg"
"531","egg","2.66666666667 large eggs","Misc_13",1,2.666666667,"egg"
"532","egg","3.69230769231 large eggs, at room temperature","Misc_14",NA,3.692307692,"egg"
"533","egg","1.06666666667 large egg + 1.06666666667 yolks room temperature preferred*","Misc_15",15,1.066666667,"egg"
"534","egg","2.0 eggs","Misc_16",7,2,"egg"
"535","egg","2.0 large land o lakes® eggs","Misc_17",7,2,"egg"
"536","egg","1.33333333333 large egg","Misc_18",6,1.333333333,"egg"
"537","egg","3.0 eggs room temperature preferred","Misc_19",11,3,"egg"
"538","egg","4.0 large eggs","Misc_20",10,4,"egg"
"539","egg","2.0 large egg","Misc_21",NA,2,"egg"
"540","egg","2.0 large egg yolk","Misc_21",NA,2,"egg"
"541","egg","2.0 large eggs","Misc_22",NA,2,"egg"
"542","egg","4.0 large eggs","Misc_23",7,4,"egg"
"543","egg","1.33333333333 large eggs, slightly beaten","Misc_24",7,1.333333333,"egg"
"544","egg","4.0 extra large eggs","Misc_25",NA,4,"egg"
"545","egg","4.0 large eggs","Misc_26",7,4,"egg"
"546","egg","4.0 large eggs, at room temperature","Misc_27",NA,4,"egg"
"547","egg","4.0 large eggs, at room temperature","Misc_28",11,4,"egg"
"548","egg","1.33333333333 large egg","Misc_29",NA,1.333333333,"egg"
"549","egg","1.33333333333 egg yolk when i double the recipe i do 3 eggs instead of 2 eggs and 2 yolks… it’s up to you","Misc_29",NA,1.333333333,"egg"
"550","egg","4.8 large eggs","Misc_30",15,4.8,"egg"
"551","egg","1.6 eggs","Misc_31",2,1.6,"egg"
"552","egg","4.0 eggs","Misc_32",NA,4,"egg"
"553","egg","1.92 eggs","Misc_33",NA,1.92,"egg"
"554","egg","6.85714285714 large eggs*","Misc_34",NA,6.857142857,"egg"
"555","egg","1.84615384615 large egg","Misc_35",1,1.846153846,"egg"
"556","egg","3.0 large eggs","Misc_36",12,3,"egg"
"557","egg","2.66666666667 large eggs room temperature","Misc_37",2,2.666666667,"egg"
"558","egg","3.2 eggs","Misc_38",NA,3.2,"egg"
"559","egg","1.6 eggs","Misc_39",NA,1.6,"egg"
"560","egg","2.0 large eggs","Misc_40",NA,2,"egg"
"561","egg","2.4 large eggs","Misc_41",NA,2.4,"egg"
"562","egg","3.2 eggs","Misc_42",NA,3.2,"egg"
"563","egg","2.52631578947 large eggs, room temperature","Misc_43",NA,2.526315789,"egg"
"564","egg","2.0 large egg + 2.0 egg yolk","Misc_44",NA,2,"egg"
"565","egg","2.66666666667 goldhen large eggs","Misc_45",NA,2.666666667,"egg"
"566","egg","2.0 egg","Misc_46",NA,2,"egg"
"567","egg","1.14285714286 large eggs","Misc_47",NA,1.142857143,"egg"
"568","egg","1.33333333333 large egg","Misc_48",NA,1.333333333,"egg"
"569","egg","3.2 	large eggs","Misc_49",NA,3.2,"egg"
"570","egg","4.0 	eggs","Misc_50",NA,4,"egg"
"571","egg","2.13333333333 	large eggs","Misc_51",NA,2.133333333,"egg"
"572","egg","1.92 	large eggs, at room temperature","Misc_52",NA,1.92,"egg"
"573","egg","3.0 	large egg","Misc_53",NA,3,"egg"
"574","egg","3.0 	large egg yolk","Misc_53",NA,3,"egg"
"575","egg","1.33333333333 egg","Misc_54",NA,1.333333333,"egg"
"576","egg","2.28571428571 extra large eggs, room temperature","Misc_55",NA,2.285714286,"egg"
"577","egg","2.0 large egg, at room temperature","Misc_56",NA,2,"egg"
"578","egg","4.0 eggs, whole","Misc_60",NA,4,"egg"
"579","egg","2.0 large eggs","Misc_61",NA,2,"egg"
"580","egg","4.0 eggs","Misc_62",NA,4,"egg"
"581","egg","1.77777777778 large egg, cracked into a small cup or saucer","Misc_63",NA,1.777777778,"cup"
"582","egg","2.4 large eggs, beaten","Misc_64",NA,2.4,"egg"
"583","egg","1.0 egg","Misc_65",NA,1,"egg"
"584","egg","2.0 egg","Misc_67",6,2,"egg"
"585","egg","2.0 large egg","Misc_68",NA,2,"egg"
"586","egg","4.0 egg","Misc_69",8,4,"egg"
"587","egg","1.33333333333 large egg","Misc_70",15,1.333333333,"egg"
"588","egg","4.8 large egg","Misc_72",NA,4.8,"egg"
"589","egg","2.0 eggs","Misc_73",NA,2,"egg"
"590","egg","2.66666666667 eggs","Misc_74",8,2.666666667,"egg"
"591","egg","3.55555555556 large eggs","Misc_75",NA,3.555555556,"egg"
"592","egg","4.0 large or extra large eggs, room temperature","Misc_76",NA,4,"egg"
"593","egg","3.42857142857 each eggs","Misc_77",NA,3.428571429,"egg"
"594","egg","2.4 egg","Misc_78",NA,2.4,"egg"
"595","egg","3.42857142857 large egg","Misc_79",NA,3.428571429,"egg"
"596","egg","4.0 egg","Misc_80",NA,4,"egg"
"597","egg","2.66666666667 large egg","Misc_81",15,2.666666667,"egg"
"598","egg","2.66666666667 additional egg yolk","Misc_81",15,2.666666667,"egg"
"599","egg","3.42857142857 egg","Misc_82",9,3.428571429,"egg"
"600","egg","2.0 eggs","Misc_83",NA,2,"egg"
"601","egg","3.69230769231 egg","Misc_84",14,3.692307692,"egg"
"602","egg","3.69230769231 egg yolk","Misc_84",14,3.692307692,"egg"
"603","egg","1.33333333333 large egg","Misc_85",NA,1.333333333,"egg"
"604","egg","4.0 egg","Misc_86",15,4,"egg"
"605","egg","4.0 egg + 4.0 egg yolk","Misc_87",8,4,"egg"
"606","egg","3.42857142857 large egg","Misc_89",NA,3.428571429,"egg"
"607","egg","7.2 eggs","Misc_90",NA,7.2,"egg"
"608","egg","1.0 egg + 1.0 yolk, room temperature","Misc_91",NA,1,"egg"
"609","egg","2.66666666667 egg","Misc_92",NA,2.666666667,"egg"
"610","egg","2.66666666667 eggs","Misc_93",15,2.666666667,"egg"
"611","egg","2.66666666667 large eggs, room temperature","Misc_94",NA,2.666666667,"egg"
"612","egg","2.66666666667 eggs","Misc_95",15,2.666666667,"egg"
"613","egg","2.4 large egg","Misc_96",NA,2.4,"egg"
"614","egg","2.74285714286 large eggs","Misc_97",NA,2.742857143,"egg"
"615","egg","2.0 large egg plus 2.0 egg yolk","Misc_98",NA,2,"egg"
"616","egg","5.33333333333 large eggs, cold","Misc_99",7,5.333333333,"egg"
"617","egg","5.33333333333 large eggs","Misc_100",NA,5.333333333,"egg"
"618","egg","3.0 large egg","Misc_101",NA,3,"egg"
"619","egg","3.0 large egg yolk","Misc_101",NA,3,"egg"
"620","egg","8.0 eggs","Misc_102",NA,8,"egg"
"621","egg","2.66666666667 eggs","Misc_103",NA,2.666666667,"egg"
"622","egg","1.6 large egg","Misc_104",NA,1.6,"egg"
"623","egg","8.0 egg","Misc_105",NA,8,"egg"
"624","egg","1.33333333333 whole egg, plus 1.33333333333 yolk","Misc_106",NA,1.333333333,"egg"
"625","egg","1.6 large egg","Misc_107",NA,1.6,"egg"
"626","egg","2.0 large egg","Misc_108",NA,2,"egg"
"627","egg","4.0 large eggs","Misc_109",NA,4,"egg"
"628","egg","1.5 large egg, straight from the fridge","Misc_110",6,1.5,"egg"
"629","egg","1.06666666667 large egg + 1.06666666667 yolks room temperature preferred*","Misc_111",NA,1.066666667,"egg"
"630","egg","5.33333333333 large eggs","Misc_112",NA,5.333333333,"egg"
"631","egg","2.28571428571 large eggs","Misc_113",NA,2.285714286,"egg"
"632","egg","3.2 large eggs","Misc_114",3,3.2,"egg"
"633","baking soda","5.0 teaspoons baking soda","Misc_1",15,5,"teaspoon"
"634","baking soda","0.5 teaspoon baking soda 0.5 teaspoon","Misc_2",15,0.5,"teaspoon"
"635","baking soda","1.81818181818 teaspoons baking soda","Misc_5",2,1.818181818,"teaspoon"
"636","baking soda","1.6 teaspoon baking soda","Misc_7",2,1.6,"teaspoon"
"637","baking soda","0.872727272727 teaspoon baking soda","Misc_8",15,0.872727273,"teaspoon"
"638","baking soda","1.0 teaspoon baking soda","Misc_9",5,1,"teaspoon"
"639","baking soda","1.2 teaspoon baking soda","Misc_10",4,1.2,"teaspoon"
"640","baking soda","0.8 teaspoon baking soda","Misc_11",5,0.8,"teaspoon"
"641","baking soda","2.0 teaspoon baking soda","Misc_12",13,2,"teaspoon"
"642","baking soda","0.666666666667 teaspoon baking soda","Misc_13",1,0.666666667,"teaspoon"
"643","baking soda","1.84615384615 teaspoon baking soda","Misc_14",NA,1.846153846,"teaspoon"
"644","baking soda","1.06666666667 teaspoon baking soda","Misc_15",15,1.066666667,"teaspoon"
"645","baking soda","1.33333333333 teaspoons baking soda","Misc_16",7,1.333333333,"teaspoon"
"646","baking soda","1.0 teaspoon baking soda","Misc_17",7,1,"teaspoon"
"647","baking soda","1.33333333333 teaspoon baking soda","Misc_18",6,1.333333333,"teaspoon"
"648","baking soda","1.5 teaspoon baking soda","Misc_19",11,1.5,"teaspoon"
"649","baking soda","2.0 teaspoon baking soda","Misc_20",10,2,"teaspoon"
"650","baking soda","2.0 teaspoon baking soda","Misc_21",NA,2,"teaspoon"
"651","baking soda","0.75 teaspoon baking soda","Misc_22",NA,0.75,"teaspoon"
"652","baking soda","1.5 teaspoon baking soda","Misc_23",7,1.5,"teaspoon"
"653","baking soda","2.0 ⁄4 teaspoon baking soda","Misc_24",7,2,"teaspoon"
"654","baking soda","2.0 tsp. baking soda","Misc_25",NA,2,"teaspoon"
"655","baking soda","2.5 teaspoons baking soda","Misc_26",7,2.5,"teaspoon"
"656","baking soda","2.5 teaspoons baking soda","Misc_27",NA,2.5,"teaspoon"
"657","baking soda","2.5 teaspoons baking soda","Misc_28",11,2.5,"teaspoon"
"658","baking soda","0.666666666667 teaspoon baking soda","Misc_29",NA,0.666666667,"teaspoon"
"659","baking soda","2.4 teaspoon baking soda","Misc_30",15,2.4,"teaspoon"
"660","baking soda","0.4 teaspoon baking soda","Misc_31",2,0.4,"teaspoon"
"661","baking soda","2.0 teaspoon baking soda","Misc_32",NA,2,"teaspoon"
"662","baking soda","0.96 tsp baking soda","Misc_33",NA,0.96,"teaspoon"
"663","baking soda","3.42857142857 teaspoon baking soda","Misc_34",NA,3.428571429,"teaspoon"
"664","baking soda","0.923076923077 teaspoon baking soda","Misc_35",1,0.923076923,"teaspoon"
"665","baking soda","1.875 tsp baking soda","Misc_36",12,1.875,"teaspoon"
"666","baking soda","1.33333333333 teaspoon baking soda","Misc_37",2,1.333333333,"teaspoon"
"667","baking soda","1.6 teaspoon baking soda","Misc_38",NA,1.6,"teaspoon"
"668","baking soda","0.8 teaspoon baking soda","Misc_39",NA,0.8,"teaspoon"
"669","baking soda","1.0 teaspoon baking soda","Misc_40",NA,1,"teaspoon"
"670","baking soda","1.2 teaspoon baking soda","Misc_41",NA,1.2,"teaspoon"
"671","baking soda","1.6 teaspoon baking soda","Misc_42",NA,1.6,"teaspoon"
"672","baking soda","1.26315789474 teaspoon baking soda","Misc_43",NA,1.263157895,"teaspoon"
"673","baking soda","1.0 teaspoon baking soda","Misc_44",NA,1,"teaspoon"
"674","baking soda","1.33333333333 teaspoon baker’s corner baking soda","Misc_45",NA,1.333333333,"teaspoon"
"675","baking soda","2.0 teaspoon baking soda","Misc_46",NA,2,"teaspoon"
"676","baking soda","0.571428571429 teaspoon baking soda","Misc_47",NA,0.571428571,"teaspoon"
"677","baking soda","1.33333333333 teaspoon baking soda","Misc_48",NA,1.333333333,"teaspoon"
"678","baking soda","2.0 	teaspoons baking soda","Misc_49",NA,2,"teaspoon"
"679","baking soda","2.0 	teaspoon baking soda","Misc_50",NA,2,"teaspoon"
"680","baking soda","0.8 	teaspoon baking soda","Misc_51",NA,0.8,"teaspoon"
"681","baking soda","0.72 	teaspoon baking soda","Misc_52",NA,0.72,"teaspoon"
"682","baking soda","1.0 teaspoon baking soda","Misc_54",NA,1,"teaspoon"
"683","baking soda","0.571428571429 teaspoon baking soda","Misc_55",NA,0.571428571,"teaspoon"
"684","baking soda","2.0 teaspoon baking soda","Misc_56",NA,2,"teaspoon"
"685","baking soda","1.0 teaspoon baking soda","Misc_61",NA,1,"teaspoon"
"686","baking soda","2.0 teaspoon baking soda","Misc_62",NA,2,"teaspoon"
"687","baking soda","0.888888888889 teaspoon baking soda","Misc_63",NA,0.888888889,"teaspoon"
"688","baking soda","1.2 teaspoon baking soda","Misc_64",NA,1.2,"teaspoon"
"689","baking soda","1.0 teaspoon baking soda","Misc_65",NA,1,"teaspoon"
"690","baking soda","1.0 tsp. baking soda","Misc_67",6,1,"teaspoon"
"691","baking soda","1.0 teaspoon baking soda","Misc_68",NA,1,"teaspoon"
"692","baking soda","2.0 teaspoon baking soda","Misc_69",8,2,"teaspoon"
"693","baking soda","1.33333333333 teaspoon baking soda","Misc_70",15,1.333333333,"teaspoon"
"694","baking soda","1.0 tsp baking soda","Misc_73",NA,1,"teaspoon"
"695","baking soda","1.33333333333 tsp. baking soda","Misc_74",8,1.333333333,"teaspoon"
"696","baking soda","2.66666666667 teaspoons baking soda","Misc_75",NA,2.666666667,"teaspoon"
"697","baking soda","2.0 teaspoon baking soda","Misc_76",NA,2,"teaspoon"
"698","baking soda","1.14285714286 teaspoon baking soda","Misc_77",NA,1.142857143,"teaspoon"
"699","baking soda","2.4 teaspoon | 5g baking soda","Misc_78",NA,2.4,"teaspoon"
"700","baking soda","3.42857142857 teaspoon baking soda","Misc_79",NA,3.428571429,"teaspoon"
"701","baking soda","2.0 teaspoon baking soda","Misc_80",NA,2,"teaspoon"
"702","baking soda","1.33333333333 teaspoon baking soda","Misc_81",15,1.333333333,"teaspoon"
"703","baking soda","1.71428571429 teaspoon baking soda","Misc_82",9,1.714285714,"teaspoon"
"704","baking soda","1.0 tsp baking soda","Misc_83",NA,1,"teaspoon"
"705","baking soda","1.33333333333 teaspoon baking soda","Misc_85",NA,1.333333333,"teaspoon"
"706","baking soda","4.0 teaspoon baking soda","Misc_86",15,4,"teaspoon"
"707","baking soda","4.0 tsp baking soda","Misc_87",8,4,"teaspoon"
"708","baking soda","1.71428571429 tsp baking soda","Misc_89",NA,1.714285714,"teaspoon"
"709","baking soda","4.8 tsp. baking soda","Misc_90",NA,4.8,"teaspoon"
"710","baking soda","1.0 tsp baking soda","Misc_91",NA,1,"teaspoon"
"711","baking soda","1.66666666667 teaspoons baking soda","Misc_94",NA,1.666666667,"teaspoon"
"712","baking soda","1.66666666667 tsp. baking soda","Misc_95",15,1.666666667,"teaspoon"
"713","baking soda","1.8 tsp baking soda","Misc_96",NA,1.8,"teaspoon"
"714","baking soda","1.37142857143 tsp. baking soda","Misc_97",NA,1.371428571,"teaspoon"
"715","baking soda","2.0 teaspoon baking soda","Misc_98",NA,2,"teaspoon"
"716","baking soda","2.66666666667 teaspoon baking soda","Misc_99",7,2.666666667,"teaspoon"
"717","baking soda","3.33333333333 teaspoons baking soda","Misc_100",NA,3.333333333,"teaspoon"
"718","baking soda","1.5 teaspoon of baking soda","Misc_101",NA,1.5,"teaspoon"
"719","baking soda","4.0 tsp 5 ml baking soda","Misc_102",NA,4,"teaspoon"
"720","baking soda","1.33333333333 teaspoons baking soda","Misc_103",NA,1.333333333,"teaspoon"
"721","baking soda","1.6 tsp. baking soda","Misc_104",NA,1.6,"teaspoon"
"722","baking soda","4.0 tsp. baking soda","Misc_105",NA,4,"teaspoon"
"723","baking soda","1.33333333333 tsp. baking soda","Misc_106",NA,1.333333333,"teaspoon"
"724","baking soda","1.6 tsp. baking soda","Misc_107",NA,1.6,"teaspoon"
"725","baking soda","2.0 teaspoon baking soda","Misc_108",NA,2,"teaspoon"
"726","baking soda","4.0 teaspoons baking soda","Misc_109",NA,4,"teaspoon"
"727","baking soda","1.5 teaspoon baking soda","Misc_110",6,1.5,"teaspoon"
"728","baking soda","1.06666666667 teaspoon baking soda","Misc_111",NA,1.066666667,"teaspoon"
"729","baking soda","2.0 teaspoon baking soda","Misc_112",NA,2,"teaspoon"
"730","baking soda","1.14285714286 teaspoon baking soda","Misc_113",NA,1.142857143,"teaspoon"
"731","baking soda","1.6 teaspoon baking soda","Misc_114",3,1.6,"teaspoon"
"732","sugar","4.0 cup plus 2 tablespoons  granulated sugar","Misc_1",15,4,"cup"
"733","sugar","0.5 cup sugar 0.5 cup","Misc_2",15,0.5,"cup"
"734","sugar","7.2 cups/302 grams granulated sugar","Misc_4",2,7.2,"cup"
"735","sugar","0.872727272727 cup granulated sugar","Misc_8",15,0.872727273,"cup"
"736","sugar","0.75 cup granulated sugar","Misc_9",5,0.75,"cup"
"737","sugar","1.2 cup sugar","Misc_10",4,1.2,"cup"
"738","sugar","0.6 cup granulated sugar","Misc_11",5,0.6,"cup"
"739","sugar","12.0 tablespoons granulated sugar","Misc_12",13,0.75,"cup"
"740","sugar","0.666666666667 cup granulated sugar","Misc_13",1,0.666666667,"cup"
"741","sugar","0.923076923077 cup 100 grams granulated sugar","Misc_14",NA,0.923076923,"cup"
"742","sugar","0.533333333333 cup sugar 100g","Misc_15",15,0.533333333,"cup"
"743","sugar","0.833333333333 cups granulated sugar save $","Misc_16",7,0.833333333,"cup"
"744","sugar","1.25 cups sugar","Misc_17",7,1.25,"cup"
"745","sugar","0.888888888889 cup granulated sugar","Misc_18",6,0.888888889,"cup"
"746","sugar","0.75 cup granulated sugar 100g","Misc_19",11,0.75,"cup"
"747","sugar","0.666666666667 cup granulated sugar","Misc_20",10,0.666666667,"cup"
"748","sugar","4.0 ounces granulated sugar","Misc_21",NA,0.5,"cup"
"749","sugar","0.75 cup granulated sugar","Misc_22",NA,0.75,"cup"
"750","sugar","2.0 cup granulated sugar","Misc_23",7,2,"cup"
"751","sugar","2.0 ⁄4 cup white sugar","Misc_24",7,2,"cup"
"752","sugar","1.5 cup sugar","Misc_26",7,1.5,"cup"
"753","sugar","2.0 cup 200 grams granulated sugar","Misc_27",NA,2,"cup"
"754","sugar","2.0 cup 200 grams granulated sugar","Misc_28",11,2,"cup"
"755","sugar","0.666666666667 cup granulated sugar","Misc_29",NA,0.666666667,"cup"
"756","sugar","1.8 cup granulated sugar","Misc_30",15,1.8,"cup"
"757","sugar","0.4 cup granulated sugar","Misc_31",2,0.4,"cup"
"758","sugar","0.72 cup sugar","Misc_33",NA,0.72,"cup"
"759","sugar","0.461538461538 cup plus 2 tablespoons granulated sugar","Misc_35",1,0.461538462,"cup"
"760","sugar","1.5 cup plus 2 tbsp sugar","Misc_36",12,1.5,"cup"
"761","sugar","1.33333333333 cup granulated sugar","Misc_37",2,1.333333333,"cup"
"762","sugar","2.0 cups granulated sugar","Misc_38",NA,2,"cup"
"763","sugar","0.6 cup granulated sugar","Misc_39",NA,0.6,"cup"
"764","sugar","0.75 cup 150 grams granulated white sugar","Misc_40",NA,0.75,"cup"
"765","sugar","0.9 cup granulated sugar","Misc_41",NA,0.9,"cup"
"766","sugar","1.0 cup granulated sugar","Misc_44",NA,1,"cup"
"767","sugar","0.666666666667 cup baker’s corner granulated sugar","Misc_45",NA,0.666666667,"cup"
"768","sugar","1.0 cup granulated sugar","Misc_46",NA,1,"cup"
"769","sugar","0.428571428571 cup granulated sugar","Misc_47",NA,0.428571429,"cup"
"770","sugar","0.888888888889 cup granulated sugar","Misc_48",NA,0.888888889,"cup"
"771","sugar","1.6 	cup plus 2 tablespoons granulated sugar","Misc_49",NA,1.6,"cup"
"772","sugar","1.0 	cup white sugar","Misc_50",NA,1,"cup"
"773","sugar","1.06666666667 	cup sugar","Misc_51",NA,1.066666667,"cup"
"774","sugar","0.96 	cup 200 grams sugar","Misc_52",NA,0.96,"cup"
"775","sugar","1.14285714286 cup sugar","Misc_55",NA,1.142857143,"cup"
"776","sugar","0.5 cup 50g granulated sugar","Misc_56",NA,0.5,"cup"
"777","sugar","0.75 cup sugar","Misc_61",NA,0.75,"cup"
"778","sugar","2.0 cup sugar","Misc_62",NA,2,"cup"
"779","sugar","1.33333333333 cup granulated sugar","Misc_63",NA,1.333333333,"cup"
"780","sugar","0.9 cup granulated sugar","Misc_64",NA,0.9,"cup"
"781","sugar","0.75 cup granulated sugar","Misc_65",NA,0.75,"cup"
"782","sugar","1.0 cup granulated sugar","Misc_67",6,1,"cup"
"783","sugar","1.0 cup 99 g granulated sugar","Misc_68",NA,1,"cup"
"784","sugar","2.0 cup white sugar i like to use raw cane sugar with a coarser texture","Misc_69",8,2,"cup"
"785","sugar","1.33333333333 cup granulated sugar","Misc_70",15,1.333333333,"cup"
"786","sugar","7.2 cups 297 g granulated sugar","Misc_72",NA,7.2,"cup"
"787","sugar","1.75 cups granulated sugar","Misc_73",NA,1.75,"cup"
"788","sugar","1.33333333333 cup sugar","Misc_74",8,1.333333333,"cup"
"789","sugar","0.888888888889 cup granulated sugar","Misc_75",NA,0.888888889,"cup"
"790","sugar","2.0 cup granulated sugar","Misc_76",NA,2,"cup"
"791","sugar","0.857142857143 cup granulated sugar","Misc_79",NA,0.857142857,"cup"
"792","sugar","2.0 cup granulated sugar","Misc_80",NA,2,"cup"
"793","sugar","1.33333333333 cup granulated sugar","Misc_81",15,1.333333333,"cup"
"794","sugar","1.14285714286 cup white sugar","Misc_82",9,1.142857143,"cup"
"795","sugar","0.75 cup sugar","Misc_83",NA,0.75,"cup"
"796","sugar","0.888888888889 cup granulated sugar","Misc_85",NA,0.888888889,"cup"
"797","sugar","1.33333333333 cup granulated sugar","Misc_86",15,1.333333333,"cup"
"798","sugar","1.71428571429 cup sugar","Misc_89",NA,1.714285714,"cup"
"799","sugar","4.8 ⁄4 cups granulated sugar","Misc_90",NA,4.8,"cup"
"800","sugar","0.5 cup white sugar","Misc_91",NA,0.5,"cup"
"801","sugar","1.33333333333 cup sugar","Misc_93",15,1.333333333,"cup"
"802","sugar","1.5 cups granulated sugar","Misc_94",NA,1.5,"cup"
"803","sugar","0.6 cup 50 g raw sugar i use demerara, substitute with granulated sugar if you'd like","Misc_96",NA,0.6,"cup"
"804","sugar","1.37142857143 cup granulated sugar","Misc_97",NA,1.371428571,"cup"
"805","sugar","2.0 cup granulated sugar","Misc_99",7,2,"cup"
"806","sugar","3.0 cups granulated sugar","Misc_100",NA,3,"cup"
"807","sugar","1.5 cup of granulated white sugar","Misc_101",NA,1.5,"cup"
"808","sugar","0.666666666667 ⁄2 cup white sugar","Misc_103",NA,0.666666667,"cup"
"809","sugar","2.66666666667 cup granulated sugar","Misc_105",NA,2.666666667,"cup"
"810","sugar","0.888888888889 cup granulated sugar","Misc_106",NA,0.888888889,"cup"
"811","sugar","12.0 tablespoons granulated sugar","Misc_108",NA,0.75,"cup"
"812","sugar","2.0 cups sugar","Misc_109",NA,2,"cup"
"813","sugar","10.875 ounces white sugar","Misc_110",6,1.359375,"cup"
"814","sugar","0.533333333333 cup sugar 100g","Misc_111",NA,0.533333333,"cup"
"815","sugar","2.66666666667 cup granulated sugar","Misc_112",NA,2.666666667,"cup"
"816","sugar","0.857142857143 cup granulated sugar","Misc_113",NA,0.857142857,"cup"
"817","sugar","1.06666666667 cup granulated sugar","Misc_114",3,1.066666667,"cup"
"818","chocolate chip","10.4727272727 ounces chocolate chips","Misc_8",15,1.309090909,"cup"
"819","chocolate chip","1.0 package 12 ounces semisweet chocolate chips 2 cups","Misc_9",5,1,"cup"
"820","chocolate chip","1.6 12 ounce bag semisweet chocolate chips, or chunks","Misc_10",4,0.2,"cup"
"821","chocolate chip","4.5 cups semisweet chocolate chips i used ghiradelli semi sweet","Misc_12",13,4.5,"cup"
"822","chocolate chip","3.69230769231 cups 340 grams semi sweet chocolate chips","Misc_14",NA,3.692307692,"cup"
"823","chocolate chip","1.86666666667 cup semisweet chocolate chips plus additional for tops, optional 300g + additional","Misc_15",15,1.866666667,"cup"
"824","chocolate chip","0.666666666667 to 2 bags 12 oz each semisweet chocolate chips 2 to 4 cups","Misc_16",7,0.666666667,"cup"
"825","chocolate chip","1.0 12 ounce package 2 cups semi sweet chocolate chips","Misc_17",7,1,"cup"
"826","chocolate chip","2.66666666667 cups semisweet chocolate chips","Misc_18",6,2.666666667,"cup"
"827","chocolate chip","3.0 cups chocolate chips i used half regular semisweet chips and half mini semisweet chips","Misc_19",11,3,"cup"
"828","chocolate chip","24.0 ounces semisweet chocolate chips","Misc_21",NA,3,"cup"
"829","chocolate chip","5.0 ounces 55.0 percent chocolate, cut into chip sized pieces about 1 1/4 cups","Misc_22",NA,5,"cup"
"830","chocolate chip","5.0 ounces 70 to 72 percent chocolate, cut into chip sized pieces about 1 1/4 cups","Misc_22",NA,5,"cup"
"831","chocolate chip","2.0 cups semi sweet chocolate chips","Misc_24",7,2,"cup"
"832","chocolate chip","2.0 package 12 ounces semisweet chocolate chips","Misc_26",7,0.25,"cup"
"833","chocolate chip","4.0 cups 340 grams or 14.0 ounces chocolate chips","Misc_27",NA,4,"cup"
"834","chocolate chip","4.0 cups chocolate chips","Misc_28",11,4,"cup"
"835","chocolate chip","2.0 cups semisweet chocolate chips","Misc_29",NA,2,"cup"
"836","chocolate chip","7.2 cups chocolate chips use your favorite kind","Misc_30",15,7.2,"cup"
"837","chocolate chip","3.0 cups semisweet chocolate chips","Misc_32",NA,3,"cup"
"838","chocolate chip","1.92 cups chocolate chips semi sweet","Misc_33",NA,1.92,"cup"
"839","chocolate chip","1.33333333333 cup semisweet chocolate chips","Misc_37",2,1.333333333,"cup"
"840","chocolate chip","1.6 package 12 ounces semi sweet chocolate chips","Misc_38",NA,0.2,"cup"
"841","chocolate chip","1.5 cups 270 grams semisweet chocolate chips","Misc_40",NA,1.5,"cup"
"842","chocolate chip","2.4 cups semi sweet chocolate chips","Misc_41",NA,2.4,"cup"
"843","chocolate chip","3.2 cups semi sweet chocolate chips","Misc_42",NA,3.2,"cup"
"844","chocolate chip","1.26315789474 12 ounce package 2 cups semi sweet chocolate chips","Misc_43",NA,1.263157895,"cup"
"845","chocolate chip","2.0 cups baker’s corner semi sweet chocolate chips","Misc_45",NA,2,"cup"
"846","chocolate chip","1.14285714286 cups guittard real semisweet chocolate chips","Misc_47",NA,1.142857143,"cup"
"847","chocolate chip","2.66666666667 cups semisweet chocolate chips","Misc_48",NA,2.666666667,"cup"
"848","chocolate chip","3.0 	cups regular semisweet chocolate chips","Misc_50",NA,3,"cup"
"849","chocolate chip","2.0 	cup large bittersweet chocolate chips","Misc_50",NA,2,"cup"
"850","chocolate chip","2.13333333333 	cups bittersweet chocolate, chopped into chips, or store bought chocolate chips or chunks","Misc_51",NA,2.133333333,"cup"
"851","chocolate chip","9.6 	ounces 283 grams semisweet or bittersweet chocolate, coarsely chopped or 1 2/3 cups chocolate chips","Misc_52",NA,9.6,"cup"
"852","chocolate chip","3.75 	cups semisweet chocolate chips or chunks see note","Misc_53",NA,3.75,"cup"
"853","chocolate chip","1.33333333333 6 oz. package semi sweet chocolate chips 1.33333333333 cup","Misc_54",NA,1.333333333,"cup"
"854","chocolate chip","2.0 and 1/4 cup 225g semi sweet chocolate chips","Misc_56",NA,2,"cup"
"855","chocolate chip","3.0 cups chocolate chips","Misc_60",NA,3,"cup"
"856","chocolate chip","3.5 cups dark chocolate chips","Misc_62",NA,3.5,"cup"
"857","chocolate chip","0.888888888889 cup semisweet chocolate chips","Misc_63",NA,0.888888889,"cup"
"858","chocolate chip","0.888888888889 cup white chocolate chips","Misc_63",NA,0.888888889,"cup"
"859","chocolate chip","2.4 cups semisweet chocolate chips nestlé can’t really be beat","Misc_64",NA,2.4,"cup"
"860","chocolate chip","13.0 ounce package of chocolate chips","Misc_65",NA,1.625,"cup"
"861","chocolate chip","2.4 sticks unsalted butter, at room temperature 1 cup packed dark brown sugar 1/2.4 cup granulated sugar 1 teaspoon vanilla extract 1 large egg 2.4 3/4 cups all purpose flour kosher salt 1 1/4 teaspoons baking soda 12.4 ounces semisweet chocolate chips","Misc_66",2,2.4,"cup"
"862","chocolate chip","2.0 cup 170 g semisweet chocolate chips","Misc_68",NA,2,"cup"
"863","chocolate chip","3.0 cup chocolate chips i use a combination of chocolate chips and chocolate chunks","Misc_69",8,3,"cup"
"864","chocolate chip","4.61538461538 cups chocolate chips*","Misc_71",15,4.615384615,"cup"
"865","chocolate chip","2.5 cups 60 percent dark chocolate chips","Misc_73",NA,2.5,"cup"
"866","chocolate chip","4.0 cups semi sweet or dark chocolate chips","Misc_76",NA,4,"cup"
"867","chocolate chip","2.4 cup | 200g chocolate chips","Misc_78",NA,2.4,"cup"
"868","chocolate chip","2.0  3/4 cup semi sweet chocolate chips","Misc_80",NA,2,"cup"
"869","chocolate chip","2.66666666667 cup semisweet chocolate chips","Misc_81",15,2.666666667,"cup"
"870","chocolate chip","2.28571428571 cup chocolate chips","Misc_82",9,2.285714286,"cup"
"871","chocolate chip","4.61538461538 cups chocolate chips","Misc_84",14,4.615384615,"cup"
"872","chocolate chip","2.66666666667 cups semi sweet chocolate chips","Misc_85",NA,2.666666667,"cup"
"873","chocolate chip","4.0 cup semisweet chocolate chips","Misc_86",15,4,"cup"
"874","chocolate chip","3.42857142857 cup chocolate chips","Misc_89",NA,3.428571429,"cup"
"875","chocolate chip","4.8 12 ounce bags semi sweet chocolate chips","Misc_90",NA,0.6,"cup"
"876","chocolate chip","2.0  3 cups mini or regular semisweet chocolate chips or 1 cup each semisweet, peanut butter, and white chocolate chips","Misc_91",NA,2,"cup"
"877","chocolate chip","32.0 ounces semisweet chocolate chips","Misc_92",NA,4,"cup"
"878","chocolate chip","2.0 cups chocolate chips","Misc_93",15,2,"cup"
"879","chocolate chip","1.66666666667 pounds chocolate chips or chunks original recipe calls for chopped dark chocolate","Misc_94",NA,0.013020833,"cup"
"880","chocolate chip","2.0 cup semi sweet chocolate chips or chunks","Misc_98",NA,2,"cup"
"881","chocolate chip","5.33333333333 cups or 1 12 oz. pkg. chocolate chips","Misc_99",7,5.333333333,"cup"
"882","chocolate chip","3.0 cup of semisweet chocolate chips","Misc_101",NA,3,"cup"
"883","chocolate chip","4.0 cup 150 g semi sweet chocolate chips","Misc_102",NA,4,"cup"
"884","chocolate chip","2.66666666667 cups semi sweet chocolate chips","Misc_103",NA,2.666666667,"cup"
"885","chocolate chip","4.0 cups 15 oz./470 g semisweet chocolate chips","Misc_104",NA,4,"cup"
"886","chocolate chip","8.0 cup semisweet chocolate chips","Misc_105",NA,8,"cup"
"887","chocolate chip","4.0 cups 15 oz./470 g semisweet chocolate chips","Misc_107",NA,4,"cup"
"888","chocolate chip","2.0 cup semi sweet chocolate chips","Misc_108",NA,2,"cup"
"889","chocolate chip","1.0 cup white chocolate chips original recipe calls for 3/4 cup, but i thought it was too much and reduced to 1.0 cup","Misc_108",NA,1,"cup"
"890","chocolate chip","2.0 12.0 ounce bags chocolate chips","Misc_109",NA,0.25,"cup"
"891","chocolate chip","1.86666666667 cup semisweet chocolate chips plus additional for tops, optional 300g + additional","Misc_111",NA,1.866666667,"cup"
"892","chocolate chip","8.0 ounces hershey bars, grated","Misc_109",NA,1,"cup"
"893","baking powder","6.0 teaspoons baking powder","Misc_1",1,6,"teaspoon"
"894","baking powder","1.6 teaspoon baking powder","Misc_7",0.8,1.6,"teaspoon"
"895","baking powder","0.872727272727 teaspoon baking powder","Misc_8",1,0.872727273,"teaspoon"
"896","baking powder","1.0 teaspoon baking powder","Misc_17",0.9,1,"teaspoon"
"897","baking powder","1.5 teaspoon baking powder","Misc_19",0.98,1.5,"teaspoon"
"898","baking powder","2.0 teaspoon baking powder","Misc_20",0.96,2,"teaspoon"
"899","baking powder","2.0 teaspoon baking powder","Misc_32",NA,2,"teaspoon"
"900","baking powder","2.25 tsp baking powder","Misc_36",0.982,2.25,"teaspoon"
"901","baking powder","2.4 	teaspoons baking powder","Misc_49",NA,2.4,"teaspoon"
"902","baking powder","0.571428571429 teaspoon baking powder","Misc_55",NA,0.571428571,"teaspoon"
"903","baking powder","2.0 tsp baking powder","Misc_60",NA,2,"teaspoon"
"904","baking powder","2.0 teaspoon baking powder","Misc_62",NA,2,"teaspoon"
"905","baking powder","1.77777777778 teaspoon baking powder","Misc_63",NA,1.777777778,"teaspoon"
"906","baking powder","0.666666666667 teaspoon baking powder","Misc_70",1,0.666666667,"teaspoon"
"907","baking powder","3.69230769231 teaspoon baking powder","Misc_71",1,3.692307692,"teaspoon"
"908","baking powder","1.0 tsp baking powder","Misc_73",NA,1,"teaspoon"
"909","baking powder","1.33333333333 tsp. baking powder","Misc_74",0.92,1.333333333,"teaspoon"
"910","baking powder","2.66666666667 teaspoons baking powder","Misc_75",NA,2.666666667,"teaspoon"
"911","baking powder","2.0 teaspoon baking powder","Misc_76",NA,2,"teaspoon"
"912","baking powder","1.14285714286 teaspoon baking powder","Misc_77",NA,1.142857143,"teaspoon"
"913","baking powder","2.0 teaspoons baking powder","Misc_94",NA,2,"teaspoon"
"914","baking powder","4.0 teaspoons baking powder","Misc_100",NA,4,"teaspoon"
"915","baking powder","4.0 teaspoons baking powder","Misc_109",NA,4,"teaspoon"
"916","baking powder","0.75 teaspoon baking powder","Misc_110",0.88,0.75,"teaspoon"
"917","chocolate","5.0 pounds bittersweet chocolate disks or fèves, at least 60 percent cacao content see note","Misc_1",1,5,"pound"
"918","chocolate","8.0 ounces bittersweet chocolate 8.0 ounces, cut in 1 inch pieces or use coins","Misc_2",1,8,"ounce"
"919","chocolate","28.8 ounces/170 grams bittersweet chocolate about 60 percent cacao solids, chopped into coarse pieces, bits and shards","Misc_4",0.8,28.8,"ounce"
"920","chocolate","2.90909090909 cups chopped bittersweet chocolate chunks and shavings","Misc_5",0.8,2.909090909,"cup"
"921","chocolate","3.0 cups chopped bittersweet chocolate peasize pieces and shavings","Misc_6",0.8,3,"cup"
"922","chocolate","4.8 cups chopped bittersweet chocolate chunks and shavings","Misc_7",0.8,4.8,"cup"
"923","chocolate","1.6 cups 12 oz. pkg. nestlé® toll house® semi sweet chocolate morsels","Misc_11",0.86,1.6,"cup"
"924","chocolate","2.0 5 ounce block semisweet chocolate, chopped into chunks recommended: callebaut","Misc_23",0.9,2,"ounce"
"925","chocolate","1.6 cups semisweet chocolate pieces","Misc_31",0.8,1.6,"cup"
"926","chocolate","6.85714285714 cups 12oz/360g bittersweet chocolate chunks","Misc_34",NA,6.857142857,"cup"
"927","chocolate","1.84615384615 cup high quality chocolate, like guittard","Misc_35",0.6,1.846153846,"cup"
"928","chocolate","2.13333333333 	pounds bittersweet chocolate discs","Misc_49",NA,2.133333333,"pound"
"929","chocolate","2.28571428571 cups chocolate discs 53% to 64% cacao*","Misc_55",NA,2.285714286,"cup"
"930","chocolate","28.8 ounces 170 g bittersweet chocolate","Misc_72",NA,28.8,"ounce"
"931","chocolate","21.3333333333 ounces dark chocolate chunks","Misc_75",NA,21.33333333,"ounce"
"932","chocolate","9.14285714286 ounce bars chocolate, chopped","Misc_77",NA,9.142857143,"ounce"
"933","chocolate","3.33333333333 pounds bittersweet chocolate disks or féves, at least 60 percent cacao content see note","Misc_100",NA,3.333333333,"pound"
"934","chocolate","2.66666666667 5 ounce block high quality semisweet chocolate, chopped","Misc_112",NA,2.666666667,"ounce"
"935","cinnamon","0.6 teaspoon ground cinnamon","Misc_30",1,0.6,"teaspoon"
"936","cornstarch","2.13333333333 teaspoons cornstarch","Misc_15",1,2.133333333,"teaspoon"
"937","cornstarch","3.0 teaspoon cornstarch","Misc_19",0.98,3,"teaspoon"
"938","cornstarch","4.0 teaspoons cornstarch","Misc_56",NA,4,"teaspoon"
"939","cornstarch","8.0 teaspoons cornstarch","Misc_86",1,8,"teaspoon"
"940","cornstarch","8.0 tsp cornstarch","Misc_87",0.92,8,"teaspoon"
"941","cornstarch","1.33333333333 tsp. cornstarch","Misc_95",1,1.333333333,"teaspoon"
"942","cornstarch","2.13333333333 teaspoons cornstarch","Misc_111",NA,2.133333333,"teaspoon"
"943","flour","2.25 cup flour","Misc_83",NA,2.25,"cup"
"944","margarine","1.0 cup butter or margarine, softened","Misc_9",0.86,1,"cup"
"945","margarine","1.0 cups butter or margarine, softened save $","Misc_16",0.9,1,"cup"
"946","margarine","1.0 cup butter or margarine, softened","Misc_61",NA,1,"cup"
"947","margarine","1.0 cup butter or margarine, softened","Misc_67",0.88,1,"cup"
"948","oat","2.18181818182 cups oatmeal","Misc_8",1,2.181818182,"cup"
"949","oat","1.2 cup old fashioned oats","Misc_30",1,1.2,"cup"
"950","oat","2.0 cup quick cooking oats","Misc_67",0.88,2,"cup"
"951","oat","5.0 cups oatmeal put in blender and make into flour","Misc_109",NA,5,"cup"
"952","cake flour","8.0 cups minus 2 tablespoons cake flour","Misc_1",1,8,"cup"
"953","bread flour","6.66666666667 cups bread flour","Misc_1",1,6.666666667,"cup"
"954","bread flour","1.33333333333 cup/150 grams bread flour","Misc_3",0.8,1.333333333,"cup"
"955","corn syrup","4.0 tablespoons light corn syrup","Misc_6",0.8,4,"tablespoon"
"956","vanilla ","0.872727272727 teaspoon vanilla","Misc_8",1,0.872727273,"teaspoon"
"957","nuts","1.30909090909 cups chopped nuts","Misc_8",1,1.309090909,"cup"
"958","nuts","1.0 cup coarsely chopped nuts","Misc_9",0.86,1,"cup"
"959","nuts","0.8 cup chopped nuts","Misc_11",0.86,0.8,"cup"
"960","almond extract","0.333333333333 teaspoon almond extract, optional","Misc_18",0.88,0.333333333,"teaspoon"
"961","vinegar","1.33333333333 teaspoon vinegar, cider or white","Misc_18",0.88,1.333333333,"teaspoon"
"962","maple","0.375 cup maple syrup 60ml","Misc_19",0.98,0.375,"cup"
"963","bread flour","24.0 ounces bread flour","Misc_21",NA,24,"ounce"
"964","lemon juice","1.2 teaspoon lemon juice","Misc_30",1,1.2,"teaspoon"
"965","nuts","0.8 cup nuts chopped optional","Misc_39",NA,0.8,"cup"
"966","almond extract","0.333333333333 teaspoon almond extract, optional","Misc_48",NA,0.333333333,"teaspoon"
"967","vinegar","1.33333333333 teaspoon vinegar, cider or white","Misc_48",NA,1.333333333,"teaspoon"
"968","cake flour","3.2 	cups minus 3.2  tablespoons cake flour","Misc_49",NA,3.2,"cup"
"969","bread flour","2.66666666667 	cups bread flour","Misc_49",NA,2.666666667,"cup"
"970","nutmeg","0.24 	teaspoon freshly grated nutmeg","Misc_52",NA,0.24,"teaspoon"
"971","coriander","0.24 	teaspoon ground coriander","Misc_52",NA,0.24,"teaspoon"
"972","molasses","1.0 tbsp unsulphured molasses","Misc_73",NA,1,"tablespoon"
"973","almond extract","0.333333333333 teaspoon almond extract","Misc_85",NA,0.333333333,"teaspoon"
"974","vinegar","1.33333333333 teaspoon vinegar, cider or white","Misc_85",NA,1.333333333,"teaspoon"
"975","espresso","4.0 tsp instant espresso powder","Misc_87",0.92,4,"teaspoon"
"976","cake flour","2.5 cups cake flour","Misc_94",NA,2.5,"cup"
"977","bread flour","2.22222222222 cupsbread flour","Misc_94",NA,2.222222222,"cup"
"978","nuts","1.8 cup 100 g chopped nuts or any other add ins, optional","Misc_96",NA,1.8,"cup"
"979","cake flour","2.33333333333 cups cake flour","Misc_100",NA,2.333333333,"cup"
"980","bread flour","4.44426666667 cups bread flour","Misc_100",NA,4.444266667,"cup"
"981","toffee","4.0 cup 150 g of toffee bits","Misc_102",NA,4,"cup"
"982","pudding mix","1.33333333333 3 1/1.33333333333 ounce packages vanilla instant pudding mix","Misc_103",NA,1.333333333,"ounce"
"983","nuts","3.0 cups nuts, any kind of nuts optional","Misc_109",NA,3,"cup"
"984","nutmeg","0.1875 teaspoon grated nutmeg","Misc_110",0.88,0.1875,"teaspoon"
"985","pecan","1.2 cups chopped walnuts, pecans, or hazelnuts optional","Misc_31",0.8,1.2,"cup"
"986","pecan","1.0 cup 100 grams walnuts or pecans, coarsely chopped optional","Misc_40",NA,1,"cup"
"987","pecan","1.06666666667 	cup finely chopped walnuts or pecans","Misc_51",NA,1.066666667,"cup"
"988","pecan","1.33333333333 cup coarsely chopped pecans","Misc_54",NA,1.333333333,"cup"
"989","pecan","1.0 cup walnuts or pecans, chopped optional","Misc_61",NA,1,"cup"
"990","pecan","1.0 cup chopped planters pecans","Misc_67",0.88,1,"cup"
"991","shortening","0.666666666667 cup vegetable shortening","Misc_18",0.88,0.666666667,"cup"
"992","shortening","0.4 cup shortening","Misc_31",0.8,0.4,"cup"
"993","shortening","0.666666666667 cup shortening","Misc_46",NA,0.666666667,"cup"
"994","shortening","0.666666666667 cup vegetable shortening","Misc_48",NA,0.666666667,"cup"
"995","shortening","1.0 cup crisco® butter flavor all vegetable shortening","Misc_54",NA,1,"cup"
"996","shortening","0.666666666667 cup vegetable shortening","Misc_85",NA,0.666666667,"cup"
"997","water","1.2 teaspoon water","Misc_64",NA,1.2,"teaspoon"
"998","water","9.6 tablespoons water","Misc_72",NA,9.6,"tablespoon"
"999","wheat flour","0.64 	cup 91 grams whole wheat flour","Misc_52",NA,0.64,"cup"
"1000","wheat flour","2.0 cup whole wheat flour","Misc_62",NA,2,"cup"
"1001","wheat flour","7.38461538462 cups white whole wheat flour or regular whole wheat flour","Misc_71",1,7.384615385,"cup"
